Title,Link,Time
学习指南 2020,https://cs.ustc.edu.cn/2020/0904/c20158a448498/page.htm,2020-09-04
2019级及以后中国科学技术大学本科生体育课程修读管理规定（2019...,https://cs.ustc.edu.cn/2020/0904/c20158a448489/page.htm,2020-09-04
关于思想政治课程执行方案（试行）的通知,https://cs.ustc.edu.cn/2020/0904/c20158a448488/page.htm,2020-09-04
计算机学院研究生学术论坛作业要求,https://cs.ustc.edu.cn/2022/1114/c20165a580303/page.htm,2022-11-14
前沿讲座、学术报告会等实施流程+备案表 下载,https://cs.ustc.edu.cn/2022/0428/c20165a553009/page.htm,2022-04-28
学生申请-院研究生学术论坛宣讲（样表）,https://cs.ustc.edu.cn/2020/1225/c20165a466288/page.htm,2020-12-25
研究生课程管理文档下载,https://gradschool.ustc.edu.cn/column/178,2022-10-17
学术学位研究生培养过程文档下载链接（含学院文档）,https://cs.ustc.edu.cn/2022/0906/c20165a567063/page.htm,2022-09-06
学籍奖助文档下载链接,https://gradschool.ustc.edu.cn/column/41,2020-11-10
学位申请文档下载链接,https://gradschool.ustc.edu.cn/column/190,2020-11-10
学术博士学位申请者审核材料清单,https://gradschool.ustc.edu.cn/article/228,2020-11-10
学术硕士学位申请者审核材料清单,https://gradschool.ustc.edu.cn/article/232,2020-11-10
计算机学院期末考试考场记录表,https://cs.ustc.edu.cn/2023/0703/c20165a607566/page.htm,2023-07-03
党支部覆盖面及联系人方式.png,https://cs.ustc.edu.cn/_upload/article/images/75/64/c76609d2470a8a6eb74e514d5d57/d2f42cad-51e7-4658-a75f-9c1b3650cb1d.png,
预备党员证明模板.docx,https://cs.ustc.edu.cn/_upload/article/files/75/64/c76609d2470a8a6eb74e514d5d57/ffa534da-3a47-4492-bdb6-db0dcddc9bbb.docx,
正式党员证明模板.docx,https://cs.ustc.edu.cn/_upload/article/files/75/64/c76609d2470a8a6eb74e514d5d57/7de4b2cb-0832-40dc-b9e0-4b8fc0624429.docx,
在校期间学生干部证明模板.docx,https://cs.ustc.edu.cn/_upload/article/files/75/64/c76609d2470a8a6eb74e514d5d57/ba85f09d-f195-4a2f-bc26-813caf033c18.docx,
党员发展流程.jpg,https://cs.ustc.edu.cn/_upload/article/images/75/64/c76609d2470a8a6eb74e514d5d57/501acb0d-a184-4a03-b21d-d60a82fe7028.jpg,
党员基本信息采集表.xls,https://cs.ustc.edu.cn/_upload/article/files/75/64/c76609d2470a8a6eb74e514d5d57/e065e97c-5613-43f5-8b3a-1bfef82ab62b.xls,
党支部各类会议记录范例.docx,https://cs.ustc.edu.cn/_upload/article/files/75/64/c76609d2470a8a6eb74e514d5d57/88e4fe8b-f62c-4a95-b0fe-b37e223bb952.docx,
发展对象群众意见调查表.pdf,https://cs.ustc.edu.cn/_upload/article/files/75/64/c76609d2470a8a6eb74e514d5d57/4d719513-42fc-472e-b8a7-43384ff0e5e7.pdf,
计算机学院“主题党日”活动立项申请表.docx,https://cs.ustc.edu.cn/_upload/article/files/75/64/c76609d2470a8a6eb74e514d5d57/1a66ad85-8d19-4519-b63d-3f3925d6945b.docx,
留学回国人员恢复组织生活（党籍）审批表.doc,https://cs.ustc.edu.cn/_upload/article/files/75/64/c76609d2470a8a6eb74e514d5d57/b86608ac-6ceb-43a4-9ad8-b1a0c89b6c85.doc,
支部年度活动建议表.png,https://cs.ustc.edu.cn/_upload/article/images/75/64/c76609d2470a8a6eb74e514d5d57/bacebe75-5fa5-4002-a54a-71dd079ec5fa.png,
中共党员因私出国（境）保留（停止）党籍审批表.doc,https://cs.ustc.edu.cn/_upload/article/files/75/64/c76609d2470a8a6eb74e514d5d57/7ae0a717-dd58-4890-8a0c-3ffa152419f8.doc,
中国共产党支部工作条例.docx,https://cs.ustc.edu.cn/_upload/article/files/75/64/c76609d2470a8a6eb74e514d5d57/df93a2a7-9ac1-4524-a7ce-c892ba7e303d.docx,
中国科学技术大学发展党员工作全程纪实表.xls,https://cs.ustc.edu.cn/_upload/article/files/75/64/c76609d2470a8a6eb74e514d5d57/61af307d-9134-461c-a966-ee6dc9f8a8bf.xls,
大数据学院学生离校请销假管理规定,http://sds.ustc.edu.cn/2021/1111/c15443a532371/page.htm,2022-11-28
公务用车平台设置使用手册,http://sds.ustc.edu.cn/2022/0628/c15443a561056/page.htm,2022-06-28
主题团日活动项目审批表,http://sds.ustc.edu.cn/2022/0519/c15443a555203/page.htm,2022-05-19
主题党日活动项目审批表,http://sds.ustc.edu.cn/2022/0519/c15443a555202/page.htm,2022-05-19
大数据学院网站信息发布审核制度,http://sds.ustc.edu.cn/2021/1122/c15443a535477/page.htm,2021-11-22
数据科学研究生学习培养过程要求,http://sds.ustc.edu.cn/_upload/article/files/bd/e3/629713734469b19b77bf595cb9e8/27da128b-0322-4641-b416-0ec1199f6072.pdf,2018-09-12
数据科学研究生培养方案,http://sds.ustc.edu.cn/_upload/article/files/f7/56/4ec1e375456eb03f218bab8f8c46/a472e153-1bd1-44d1-b669-b0c20dd327d8.pdf,2018-09-12
2023年度科研财务管理业务培训会资料,https://finance.ustc.edu.cn/2023/1211/c21818a624257/page.htm,2023-12-11
调账清单模板(科研用),https://finance.ustc.edu.cn/2023/0609/c21818a605505/page.htm,2023-06-09
日常经济业务财务报销指南,https://finance.ustc.edu.cn/2023/0606/c21818a605132/page.htm,2023-06-06
2022年度业务培训与交流会培训资料,https://finance.ustc.edu.cn/2022/1130/c21818a582916/page.htm,2022-11-30
外币汇款情况说明表,https://finance.ustc.edu.cn/2022/0609/c21818a557842/page.htm,2022-06-09
中国科学技术大学科研项目预算调整审批表,https://finance.ustc.edu.cn/2022/0519/c21818a554875/page.htm,2022-05-19
费用报销单,https://finance.ustc.edu.cn/2022/0304/c21818a547803/page.htm,2022-03-04
2021年度业务培训与交流会培训资料,https://finance.ustc.edu.cn/2021/0712/c21818a516885/page.htm,2021-07-12
财务审批签字手迹备案表,https://finance.ustc.edu.cn/2021/0706/c21818a516245/page.htm,2021-07-06
签领表,https://finance.ustc.edu.cn/2021/0624/c21818a514293/page.htm,2021-06-24
中国科学技术大学预开收据(发票)申请表,https://finance.ustc.edu.cn/2020/0730/c21818a441248/page.htm,2021-01-06
非居民纳税人享受协定待遇信息报告表,https://finance.ustc.edu.cn/_upload/article/files/c3/c5/af5c8e76480298752e231374be49/8b4da3d6-f661-44d2-b347-273aa83326eb.xls,2020-12-18
财务处网上报账业务授权申请书,https://finance.ustc.edu.cn/2020/0730/c21818a441260/page.htm,2020-07-30
学生报账员培训交流会资料——喀斯玛平台订单财务报账流程介绍,https://finance.ustc.edu.cn/_upload/article/files/04/d1/a26cc42c46e0bf24fbe029303ced/f9a2c083-8e87-4f57-bda5-4a377e99a325.pdf,2020-07-30
学生报账员培训交流会资料——财务综合信息平台介绍,https://finance.ustc.edu.cn/_upload/article/files/12/26/8eac75764cb99c14539d5e0c3ce0/be179667-45b2-44bc-aac2-598cabd9571a.pdf,2020-07-30
学生报账员培训交流会资料——财务日常报销处理及政策解读,https://finance.ustc.edu.cn/_upload/article/files/fe/c2/b6981f944f9c9594fe42b96c6804/a41cd7df-c7f3-4ec0-ab48-3aa4996a35c1.pdf,2020-07-30
学生报账员培训交流会资料——财务基本情况介绍,https://finance.ustc.edu.cn/_upload/article/files/68/31/d8b3c6d64292b1dc896bf5f79d18/db9a815c-8b56-4268-9e7c-8420493b803e.pdf,2020-07-30
2019年小金库专项治理自查自纠情况表（各单位填）,https://finance.ustc.edu.cn/_upload/article/files/cb/4a/c92df3434493a2c583ec7a596478/e49909d9-eac6-447c-99ca-96a5cd0f9d44.xls,2020-07-30
领款单,https://finance.ustc.edu.cn/_upload/article/files/7b/40/93b3ec064131a2248384bd31eefd/b3ca75a9-2c23-4794-9bda-999926a1486c.pdf,2020-07-30
现金缴款单,https://finance.ustc.edu.cn/_upload/article/files/aa/8f/c805846a42ef8185089830e98035/3c49140f-9c02-4176-ae7c-b1bf0207afb7.pdf,2020-07-30
内部结算转账单,https://finance.ustc.edu.cn/_upload/article/files/84/f5/07176e5444b5905739bdd767f252/aefdc120-649d-4800-b396-aa846a14ce6f.pdf,2020-07-30
财务报销票据粘贴单,https://finance.ustc.edu.cn/_upload/article/files/a4/0f/a7eb4192459fbe57274f2e29ca11/603382ba-5402-4acc-a784-9819b69840e1.doc,2020-07-30
材料出入库单,https://finance.ustc.edu.cn/_upload/article/files/b0/e0/05d7c3194460832c4fb9076a9d22/ef510693-f14a-4266-b36b-c187b27dcf88.doc,2020-07-30
国内公务接待费自查自纠表,https://finance.ustc.edu.cn/_upload/article/files/ac/59/f2884bec41388ad332b29fb4b8f1/c8fe5a5f-1d86-4b9e-af3f-bd711b596614.xls,2020-07-30
工作餐自查自纠表,https://finance.ustc.edu.cn/_upload/article/files/31/e5/fc984dd344c6ba2d4eddb5b19b0a/d7cbdf69-0280-4bb7-8b5d-c7a49d604f3d.xls,2020-07-30
商场购物自查自纠表,https://finance.ustc.edu.cn/_upload/article/files/3f/2c/6d298dfc4621a6d7edaf39f0315f/d1cfc8e6-923f-48bc-a79b-5ed3e973e7da.xls,2020-07-30
预算单位公务卡办卡清单,https://finance.ustc.edu.cn/_upload/article/files/54/dd/5eb64cab4f7d9a90c58d0813a796/db240287-15ed-4515-87ed-7bcd8b40709e.xls,2020-07-30
科研项目聘用人员办理公务卡审批表,https://finance.ustc.edu.cn/_upload/article/files/48/59/d64ec3ee44e38aef86eb4713791a/47c549c6-71e8-4fcf-824b-67ba8fcdcb06.xls,2020-07-30
乘坐非国内航空公司航班和改变中转地审批表,https://finance.ustc.edu.cn/_upload/article/files/d2/4f/4f4d77cd48948ae56e3302310e16/798a1409-6bbb-4113-803f-1e3a7ecba63c.xls,2020-07-30
中国科学技术大学校内预算调整项目申报书,https://finance.ustc.edu.cn/2020/0730/c21818a441241/page.htm,2020-07-30
科研项目预算调整审批表,https://finance.ustc.edu.cn/2020/0730/c21818a441240/page.htm,2020-07-30
科研项目财务委托书,https://finance.ustc.edu.cn/_upload/article/files/d7/d9/475cf5604a82941b0b489735d957/9b1e17e7-0218-4ce3-b8f9-9150a4ca1c8b.doc,2020-07-30
中国科学技术大学2015年度预算项目执行与绩效情况说明书,https://finance.ustc.edu.cn/_upload/article/files/c0/42/634fda404ee7a0b2124989bbae53/3798a52a-a6ae-4c1e-87a1-b162781f2e86.doc,2020-07-30
关于启用不等候报账系统的通知,https://finance.ustc.edu.cn/_upload/article/files/a0/de/a61e3d744bf7b1517e0a063d57fd/63a8e725-2a26-4223-8d7b-5faa5ac16663.doc,2020-07-30
财务审批签字手迹备案表,https://finance.ustc.edu.cn/_upload/article/files/8c/b6/dfa382ab42799a9d902c05bede10/584c4b8d-e5b7-410e-97fb-da80d66d962c.doc,2020-07-30
关于办理财务审批签字手迹备案的通知(2014-10-15）,https://finance.ustc.edu.cn/_upload/article/files/f7/50/e4a153c54681a60f129a255dbe0a/65564ba4-8531-4dee-9717-de62c0c82f03.doc,2020-07-30
在职人员加班及课时劳务酬金发放操作流程和要求,https://finance.ustc.edu.cn/_upload/article/files/52/fb/af8fc5774664ae7fcdeee778b331/a477cf9c-40ca-4291-a173-df4077666c74.doc,2020-07-30
2016年“六项费用”来源分解表,https://finance.ustc.edu.cn/_upload/article/files/80/4c/398396494e6d94929a9ad9026ded/c9465c83-7612-4203-938c-2910f65c5a6b.doc,2020-07-30
卡点结账汇总审批表,https://finance.ustc.edu.cn/_upload/article/files/96/19/31b8fe6d45bd82eacfca08e61e6e/ffea14ed-ab61-4de6-b444-ab68ab1cec20.xls,2020-07-30
个人所得税纳税申报表及填表说明,https://finance.ustc.edu.cn/_upload/article/files/53/21/7aecbe9945a2b8f98d0c617834f7/e8f6456d-8c30-4ba8-a206-6fcee1bbc66f.doc,2020-07-30
“六项费用”支出计划表,https://finance.ustc.edu.cn/_upload/article/files/7c/5d/36f0659d4299a0f14f9b93dda13e/1609aa6b-ebfa-4e2c-84eb-9b81d6fea79a.xls,2020-07-30
会计档案查询申请表,https://finance.ustc.edu.cn/_upload/article/files/4b/e3/bb3451824249ad3b0f118b104447/38344b04-dd12-4c57-bfcf-6e84632c397d.xls,2020-07-30
中国科学技术大学卡点业务范围申报清单表,https://finance.ustc.edu.cn/_upload/article/files/88/f2/3381d6cd4c798e99090966cff952/104a548a-6ce1-4e7e-b10d-a11a1c82ca16.xls,2020-07-30
中国科学技术大学临时应急项目立项及经费预算申报书,https://finance.ustc.edu.cn/_upload/article/files/aa/f9/7df89f954084b225ba1430b2c3f9/5fd6543a-45c2-41e7-a50e-9fde11391e84.xls,2020-07-30
学院上交学校科研成本汇总表（学院填写）,https://finance.ustc.edu.cn/_upload/article/files/05/48/f3ce389347cb8862f3fe914f7425/601cac48-1caa-40ce-b795-cfac0cabd062.xls,2020-07-30
中国科学技术大学预拨经费申请表,https://finance.ustc.edu.cn/_upload/article/files/1f/20/512014974a2591006998809f21ca/2700e16d-99d8-405e-914d-200f59336f8d.xls,2020-07-30
预算执行计划表,https://finance.ustc.edu.cn/_upload/article/files/e8/ae/f00d25474a08a58e037ab34755d5/dfc7f487-02ea-4201-a81e-8eaee790db1a.xls,2020-07-30
公用房使用费分解明细表,https://finance.ustc.edu.cn/_upload/article/files/b6/da/029a93f644d6847f1f92e3928050/1117eea1-bf17-4a03-8900-d6650142bd23.xls,2020-07-30
燃料动力费清单,https://finance.ustc.edu.cn/_upload/article/files/0d/8d/322d3b56429b94e4c1e46104bcd7/00373517-3c25-4bb2-9d53-df98400a06cc.xls,2020-07-30
测试化验加工费清单,https://finance.ustc.edu.cn/_upload/article/files/e0/08/9a868ec74b0ba7971f1a69398cef/55511f16-cd10-4006-82ce-a828fc50f618.doc,2020-07-30
院级单位科研经费补贴分配清单,https://finance.ustc.edu.cn/_upload/article/files/d6/c5/73b660ee4546bbf13f708c96999a/6c778d7a-eb92-443a-960f-b41110b09332.xls,2020-07-30
更改指标负责人申请表,https://finance.ustc.edu.cn/_upload/article/files/74/0d/64339ebc4a65a8c852c2e84d1637/77c0fca6-32c5-4593-8c0a-ddcb32dc3035.xls,2020-07-30
水电汽使用费分解明细表,https://finance.ustc.edu.cn/_upload/article/files/b2/61/304297ec4eedaa52cec33648a608/71508e17-3bb1-4364-b3f2-fdc0763cd36d.xls,2020-07-30
2010年二级核算及自收自支单位预算明细表,https://finance.ustc.edu.cn/_upload/article/files/7a/0e/0f8c676a4d4bb9fff7dfabd06575/e0f0c363-928d-44e9-a4a7-a8a62ab75534.xls,2020-07-30
中国科学技术大学财务人员基本情况登记表,https://finance.ustc.edu.cn/_upload/article/files/29/14/4d5b27b34c59beb875df58f57e47/a8c902cb-7347-4d65-82b6-5a51841e6c0c.doc,2020-07-30
填表说明,https://finance.ustc.edu.cn/_upload/article/files/76/b3/8772205e4113aabc2c7f67524c37/8e984e06-cd84-4647-9d6a-07a4ca17b823.doc,2020-07-30
银行账户情况报告表,https://finance.ustc.edu.cn/_upload/article/files/a9/5f/e46fcb134ebf924f2921bcb8ae1c/e8b1889d-73ab-467a-8c8e-16f69fec3180.xls,2020-07-30
小金库自查自纠报告表,https://finance.ustc.edu.cn/_upload/article/files/70/13/3c25a2e24aee8044618f866b8fde/afa3171d-0606-4ef1-ba10-c8cab9c087a4.xls,2020-07-30
工程硕士应用证明参考模板,https://cybersec.ustc.edu.cn/2023/1109/c23830a617140/page.htm,2023-11-09
专业选修课认定,https://cybersec.ustc.edu.cn/2023/1109/c23830a617139/page.htm,2023-11-09
工程博士开题申请表,https://cybersec.ustc.edu.cn/2023/1108/c23830a617052/page.htm,2023-11-08
工程博士开题报告,https://cybersec.ustc.edu.cn/2023/1108/c23830a617051/page.htm,2023-11-08
研究生学位论文开题-工作检查-送审申请表,https://cybersec.ustc.edu.cn/2023/1102/c23830a616522/page.htm,2023-11-02
工程硕士中期报告考核表,https://cybersec.ustc.edu.cn/2023/1102/c23830a616521/page.htm,2023-11-02
工程硕士开题报告及评审表,https://cybersec.ustc.edu.cn/2023/1102/c23830a616520/page.htm,2023-11-02
博士/硕士中期检查报告,https://cybersec.ustc.edu.cn/2023/1102/c23830a616519/page.htm,2023-11-02
博士/硕士开题报告,https://cybersec.ustc.edu.cn/2023/1102/c23830a616518/page.htm,2023-11-02
网络空间安全学院高水平讲座实施申请表,https://cybersec.ustc.edu.cn/2023/1010/c23830a614445/page.htm,2023-10-10
网络空间安全学院自然科学类学术报告会、研讨会审批表,https://cybersec.ustc.edu.cn/2023/1010/c23830a614444/page.htm,2023-10-10
加课申请表,https://cybersec.ustc.edu.cn/2022/0720/c23830a563025/page.htm,2022-07-20
网络空间安全学院研究生学位论文答辩材料自查表,https://cybersec.ustc.edu.cn/2021/0705/c23830a516041/page.htm,2021-07-05
博士生“网络空间安全专题”成绩登记表,https://cybersec.ustc.edu.cn/2020/0826/c23830a468198/page.htm,2020-08-26
网络空间安全学院任职证明模版,https://cybersec.ustc.edu.cn/2023/1117/c34997a619501/page.htm,2023-11-17
共青团员组织关系介绍信,https://cybersec.ustc.edu.cn/2023/1106/c34997a616806/page.htm,2023-11-06
网络空间安全学院学研两会活动项目审批表,https://cybersec.ustc.edu.cn/2023/0921/c34997a612957/page.htm,2023-09-21
网络空间安全学院团学活动项目审批表,https://cybersec.ustc.edu.cn/2023/0921/c34997a612956/page.htm,2023-09-21
网络空间安全学院班级活动项目审批表,https://cybersec.ustc.edu.cn/2023/0921/c34997a612955/page.htm,2023-09-21
因公临时出访回国人员恢复工资申请表,https://oic.ustc.edu.cn/wp-content/uploads/2023/01/因公临时出访回国人员恢复工资申请表.doc,2023-01-09
来访必要性说明,https://oic.ustc.edu.cn/download/%e6%9d%a5%e8%ae%bf%e5%bf%85%e8%a6%81%e6%80%a7%e8%af%b4%e6%98%8e-2/,2022-11-14
中国科学技术大学信纸,https://oic.ustc.edu.cn/download/14745-2/,2022-10-24
来访邀请流程填报类型参照,https://oic.ustc.edu.cn/download/%e6%b5%81%e7%a8%8b%e5%a1%ab%e6%8a%a5%e7%b1%bb%e5%9e%8b%e5%8f%82%e7%85%a7/,2022-07-13
国际人才计划项目（PIFI）境外执行的指导意见及参考文件,https://oic.ustc.edu.cn/download/%e5%9b%bd%e9%99%85%e4%ba%ba%e6%89%8d%e8%ae%a1%e5%88%92%e9%a1%b9%e7%9b%ae%ef%bc%88pifi%ef%bc%89%e5%a2%83%e5%a4%96%e6%89%a7%e8%a1%8c%e7%9a%84%e6%8c%87%e5%af%bc%e6%84%8f%e8%a7%81%e5%8f%8a%e5%8f%82/,2022-04-02
远程协议模板,https://oic.ustc.edu.cn/download/%e8%bf%9c%e7%a8%8b%e5%8d%8f%e8%ae%ae%e6%a8%a1%e6%9d%bf/,2021-09-30
英文派遣书模板（加收入且需签字版）,https://oic.ustc.edu.cn/download/%e8%8b%b1%e6%96%87%e6%b4%be%e9%81%a3%e4%b9%a6%ef%bc%88%e5%8a%a0%e6%94%b6%e5%85%a5%e4%b8%94%e9%9c%80%e7%ad%be%e5%ad%97%e7%89%88%ef%bc%89/,2021-09-10
中文派遣书模板（加收入且需签字版）,https://oic.ustc.edu.cn/download/%e4%b8%ad%e6%96%87%e6%b4%be%e9%81%a3%e4%b9%a6%ef%bc%88%e5%8a%a0%e6%94%b6%e5%85%a5%e4%b8%94%e9%9c%80%e7%ad%be%e5%ad%97%e7%89%88%ef%bc%89/,2021-09-10
英文派遣书模板,https://oic.ustc.edu.cn/download/%e8%8b%b1%e6%96%87%e6%b4%be%e9%81%a3%e4%b9%a6%e6%a8%a1%e6%9d%bf/,2021-09-10
中文派遣书模板,https://oic.ustc.edu.cn/download/%e4%b8%ad%e6%96%87%e6%b4%be%e9%81%a3%e4%b9%a6%e6%a8%a1%e6%9d%bf/,2021-09-10
中国科学技术大学参加线上国际会议事后公示总结表,https://oic.ustc.edu.cn/download/%e4%b8%ad%e5%9b%bd%e7%a7%91%e5%ad%a6%e6%8a%80%e6%9c%af%e5%a4%a7%e5%ad%a6%e5%8f%82%e5%8a%a0%e7%ba%bf%e4%b8%8a%e5%9b%bd%e9%99%85%e4%bc%9a%e8%ae%ae%e4%ba%8b%e5%90%8e%e5%85%ac%e5%bc%8f%e6%80%bb%e7%bb%93/,2021-07-22
中科院新一代ARP系统使用方法,https://oic.ustc.edu.cn/download/%e4%b8%ad%e7%a7%91%e9%99%a2%e6%96%b0%e4%b8%80%e4%bb%a3arp%e7%b3%bb%e7%bb%9f%e4%bd%bf%e7%94%a8%e6%96%b9%e6%b3%95/,2021-03-22
线上国际会议审批表,https://oic.ustc.edu.cn/download/10018-2/,2021-03-09
中国科学技术大学本科生公派赴台湾地区审批表,https://oic.ustc.edu.cn/download/%e6%9c%ac%e7%a7%91%e7%94%9f%e5%8f%82%e5%8a%a0%e5%a2%83%e5%a4%96%e5%ad%a6%e6%9c%af%e4%ba%a4%e6%b5%81%e5%ae%a1%e6%89%b9%e8%a1%a8-2/,2020-09-17
中国科学技术大学研究生公派赴台湾地区审批表(1),https://oic.ustc.edu.cn/download/%e7%a0%94%e7%a9%b6%e7%94%9f%e5%8f%82%e5%8a%a0%e5%a2%83%e5%a4%96%e5%ad%a6%e6%9c%af%e4%ba%a4%e6%b5%81%e5%ae%a1%e6%89%b9%e8%a1%a8-2/,2020-09-17
学生公派出国交流责任书,https://oic.ustc.edu.cn/download/%e5%ad%a6%e7%94%9f%e5%85%ac%e6%b4%be%e5%87%ba%e5%9b%bd%e4%ba%a4%e6%b5%81%e8%b4%a3%e4%bb%bb%e4%b9%a6-2/,2020-09-17
关于取消-更改出访交流时间的说明,https://oic.ustc.edu.cn/download/%e5%85%b3%e4%ba%8e%e5%8f%96%e6%b6%88-%e6%9b%b4%e6%94%b9%e5%87%ba%e8%ae%bf%e4%ba%a4%e6%b5%81%e6%97%b6%e9%97%b4%e7%9a%84%e8%af%b4%e6%98%8e-2/,2020-09-17
申请多次F签,https://oic.ustc.edu.cn/download/%e7%94%b3%e8%af%b7%e5%a4%9a%e6%ac%a1f%e7%ad%be/,2020-09-17
来校访问学者医疗保险承诺书,https://oic.ustc.edu.cn/download/%e6%9d%a5%e6%a0%a1%e8%ae%bf%e9%97%ae%e5%ad%a6%e8%80%85%e5%8c%bb%e7%96%97%e4%bf%9d%e9%99%a9%e6%89%bf%e8%af%ba%e4%b9%a6-2/,2020-09-17
申请Z签,https://oic.ustc.edu.cn/download/%e7%94%b3%e8%af%b7z%e7%ad%be/,2020-09-17
合同模板,https://oic.ustc.edu.cn/download/%e5%90%88%e5%90%8c%e6%a8%a1%e6%9d%bf/,2020-09-17
外国人体检表,https://oic.ustc.edu.cn/download/%e5%a4%96%e5%9b%bd%e4%ba%ba%e4%bd%93%e6%a3%80%e8%a1%a8/,2020-09-17
外国人信息表,https://oic.ustc.edu.cn/download/%e5%a4%96%e5%9b%bd%e4%ba%ba%e4%bf%a1%e6%81%af%e8%a1%a8/,2020-09-17
外国人住宿登记表,https://oic.ustc.edu.cn/download/%e5%a4%96%e5%9b%bd%e4%ba%ba%e4%bd%8f%e5%ae%bf%e7%99%bb%e8%ae%b0%e8%a1%a8/,2020-09-17
外国人签证证件申请表,https://oic.ustc.edu.cn/download/%e5%a4%96%e5%9b%bd%e4%ba%ba%e7%ad%be%e8%af%81%e8%af%81%e4%bb%b6%e7%94%b3%e8%af%b7%e8%a1%a8/,2020-09-17
免試招收台湾地区学生申請表,https://oic.ustc.edu.cn/download/%e5%85%8d%e8%a9%a6%e6%8b%9b%e6%94%b6%e5%8f%b0%e6%b9%be%e5%9c%b0%e5%8c%ba%e5%ad%a6%e7%94%9f%e7%94%b3%e8%ab%8b%e8%a1%a8/,2020-09-17
申请外国人工作许可证需准备的材料,https://oic.ustc.edu.cn/download/%e7%94%b3%e8%af%b7%e5%a4%96%e5%9b%bd%e4%ba%ba%e5%b7%a5%e4%bd%9c%e8%ae%b8%e5%8f%af%e8%af%81%e9%9c%80%e5%87%86%e5%a4%87%e7%9a%84%e6%9d%90%e6%96%99/,2020-09-17
申请外国人居留许可证件需准备的材料 网页,https://oic.ustc.edu.cn/download/%e7%94%b3%e8%af%b7%e5%a4%96%e5%9b%bd%e4%ba%ba%e5%b1%85%e7%95%99%e8%ae%b8%e5%8f%af%e8%af%81%e4%bb%b6%e9%9c%80%e5%87%86%e5%a4%87%e7%9a%84%e6%9d%90%e6%96%99-%e7%bd%91%e9%a1%b5/,2020-09-17
外国人签证证件申请表填写指南 网页指南,https://oic.ustc.edu.cn/download/%e5%a4%96%e5%9b%bd%e4%ba%ba%e7%ad%be%e8%af%81%e8%af%81%e4%bb%b6%e7%94%b3%e8%af%b7%e8%a1%a8%e5%a1%ab%e5%86%99%e6%8c%87%e5%8d%97-%e7%bd%91%e9%a1%b5%e6%8c%87%e5%8d%97/,2020-09-17
无违法犯罪记录保证书,https://oic.ustc.edu.cn/download/%e6%97%a0%e8%bf%9d%e6%b3%95%e7%8a%af%e7%bd%aa%e8%ae%b0%e5%bd%95%e4%bf%9d%e8%af%81%e4%b9%a6/,2020-09-17
本科入学申请表,https://oic.ustc.edu.cn/download/%e6%9c%ac%e7%a7%91%e5%85%a5%e5%ad%a6%e7%94%b3%e8%af%b7%e8%a1%a8/,2020-09-17
本科招生专业目录,https://oic.ustc.edu.cn/download/%e6%9c%ac%e7%a7%91%e6%8b%9b%e7%94%9f%e4%b8%93%e4%b8%9a%e7%9b%ae%e5%bd%95/,2020-09-17
外国人体格检查表,https://oic.ustc.edu.cn/download/%e5%a4%96%e5%9b%bd%e4%ba%ba%e4%bd%93%e6%a0%bc%e6%a3%80%e6%9f%a5%e8%a1%a8/,2020-09-17
监护人保证书,https://oic.ustc.edu.cn/download/%e7%9b%91%e6%8a%a4%e4%ba%ba%e4%bf%9d%e8%af%81%e4%b9%a6/,2020-09-17
申请1次F签,https://oic.ustc.edu.cn/download/%e7%94%b3%e8%af%b71%e6%ac%a1f%e7%ad%be/,2020-09-17
学生公派出国交流责任书,https://oic.ustc.edu.cn/download/%e5%ad%a6%e7%94%9f%e5%85%ac%e6%b4%be%e5%87%ba%e5%9b%bd%e4%ba%a4%e6%b5%81%e8%b4%a3%e4%bb%bb%e4%b9%a6/,2020-09-17
境外专家学者个人收入发放表,https://oic.ustc.edu.cn/download/%e5%a2%83%e5%a4%96%e4%b8%93%e5%ae%b6%e5%ad%a6%e8%80%85%e4%b8%aa%e4%ba%ba%e6%94%b6%e5%85%a5%e5%8f%91%e6%94%be%e8%a1%a8/,2020-09-17
关于取消-更改出访交流时间的说明,https://oic.ustc.edu.cn/download/%e5%85%b3%e4%ba%8e%e5%8f%96%e6%b6%88-%e6%9b%b4%e6%94%b9%e5%87%ba%e8%ae%bf%e4%ba%a4%e6%b5%81%e6%97%b6%e9%97%b4%e7%9a%84%e8%af%b4%e6%98%8e/,2020-09-17
本科生参加境外学术交流审批表,https://oic.ustc.edu.cn/download/%e6%9c%ac%e7%a7%91%e7%94%9f%e5%8f%82%e5%8a%a0%e5%a2%83%e5%a4%96%e5%ad%a6%e6%9c%af%e4%ba%a4%e6%b5%81%e5%ae%a1%e6%89%b9%e8%a1%a8/,2020-09-17
保证书模板,https://oic.ustc.edu.cn/download/%e4%bf%9d%e8%af%81%e4%b9%a6%e6%a8%a1%e6%9d%bf/,2020-09-17
研究生参加境外学术交流审批表,https://oic.ustc.edu.cn/download/%e7%a0%94%e7%a9%b6%e7%94%9f%e5%8f%82%e5%8a%a0%e5%a2%83%e5%a4%96%e5%ad%a6%e6%9c%af%e4%ba%a4%e6%b5%81%e5%ae%a1%e6%89%b9%e8%a1%a8/,2020-09-04
研究生参加境外学术交流审批表,https://oic.ustc.edu.cn/download/%e7%a0%94%e7%a9%b6%e7%94%9f%e5%8f%82%e5%8a%a0%e5%a2%83%e5%a4%96%e5%ad%a6%e6%9c%af%e4%ba%a4%e6%b5%81%e5%ae%a1%e6%89%b9%e8%a1%a8/,2020-09-04
中国科学技术大学学生出国流程示意图,https://oic.ustc.edu.cn/download/%e4%b8%ad%e5%9b%bd%e7%a7%91%e5%ad%a6%e6%8a%80%e6%9c%af%e5%a4%a7%e5%ad%a6%e5%ad%a6%e7%94%9f%e5%87%ba%e5%9b%bd%e6%b5%81%e7%a8%8b%e7%a4%ba%e6%84%8f%e5%9b%be/,2020-09-04
Overview of USTC 2018 Final,https://oic.ustc.edu.cn/download/overview-of-ustc-2018-final/,2020-09-04
顺访填写模板,https://oic.ustc.edu.cn/download/%e9%a1%ba%e8%ae%bf%e5%a1%ab%e5%86%99%e6%a8%a1%e6%9d%bf/,2020-09-04
台胞来访填写模板,https://oic.ustc.edu.cn/download/%e5%8f%b0%e8%83%9e%e6%9d%a5%e8%ae%bf%e5%a1%ab%e5%86%99%e6%a8%a1%e6%9d%bf/,2020-09-04
《被授权单位邀请函》的来访邀请模板,https://oic.ustc.edu.cn/download/%e3%80%8a%e8%a2%ab%e6%8e%88%e6%9d%83%e5%8d%95%e4%bd%8d%e9%82%80%e8%af%b7%e5%87%bd%e3%80%8b%e7%9a%84%e6%9d%a5%e8%ae%bf%e9%82%80%e8%af%b7%e6%a8%a1%e6%9d%bf/,2020-09-04
中国科大国际合作与交流部招聘工作人员报名登记表,https://oic.ustc.edu.cn/download/%e4%b8%ad%e5%9b%bd%e7%a7%91%e5%a4%a7%e5%9b%bd%e9%99%85%e5%90%88%e4%bd%9c%e4%b8%8e%e4%ba%a4%e6%b5%81%e9%83%a8%e6%8b%9b%e8%81%98%e5%b7%a5%e4%bd%9c%e4%ba%ba%e5%91%98%e6%8a%a5%e5%90%8d%e7%99%bb%e8%ae%b0/,2020-09-04
财政部教育部关于调整国家公派留学人员奖学金资助标准的通知,https://oic.ustc.edu.cn/download/%e8%b4%a2%e6%94%bf%e9%83%a8%e6%95%99%e8%82%b2%e9%83%a8%e5%85%b3%e4%ba%8e%e8%b0%83%e6%95%b4%e5%9b%bd%e5%ae%b6%e5%85%ac%e6%b4%be%e7%95%99%e5%ad%a6%e4%ba%ba%e5%91%98%e5%a5%96%e5%ad%a6%e9%87%91%e8%b5%84/,2020-09-04
中国科学技术大学大师论坛申请表,https://oic.ustc.edu.cn/download/%e4%b8%ad%e5%9b%bd%e7%a7%91%e5%ad%a6%e6%8a%80%e6%9c%af%e5%a4%a7%e5%ad%a6%e5%a4%a7%e5%b8%88%e8%ae%ba%e5%9d%9b%e7%94%b3%e8%af%b7%e8%a1%a8/,2020-09-04
境外专家来访超过30天需要提供的材料,https://oic.ustc.edu.cn/download/%e5%a2%83%e5%a4%96%e4%b8%93%e5%ae%b6%e6%9d%a5%e8%ae%bf%e8%b6%85%e8%bf%8730%e5%a4%a9%e9%9c%80%e8%a6%81%e6%8f%90%e4%be%9b%e7%9a%84%e6%9d%90%e6%96%99/,2020-09-03
关于在华举办国际会议有关事项的通知,https://oic.ustc.edu.cn/download/%e5%85%b3%e4%ba%8e%e5%9c%a8%e5%8d%8e%e4%b8%be%e5%8a%9e%e5%9b%bd%e9%99%85%e4%bc%9a%e8%ae%ae%e6%9c%89%e5%85%b3%e4%ba%8b%e9%a1%b9%e7%9a%84%e9%80%9a%e7%9f%a5/,2020-09-03
关于在华举办国际会议的函参考样,https://oic.ustc.edu.cn/download/%e5%85%b3%e4%ba%8e%e5%9c%a8%e5%8d%8e%e4%b8%be%e5%8a%9e%e5%9b%bd%e9%99%85%e4%bc%9a%e8%ae%ae%e7%9a%84%e5%87%bd%e5%8f%82%e8%80%83%e6%a0%b7/,2020-09-03
关于在华举办国际会议的总结报送要求,https://oic.ustc.edu.cn/download/%e5%85%b3%e4%ba%8e%e5%9c%a8%e5%8d%8e%e4%b8%be%e5%8a%9e%e5%9b%bd%e9%99%85%e4%bc%9a%e8%ae%ae%e7%9a%84%e6%80%bb%e7%bb%93%e6%8a%a5%e9%80%81%e8%a6%81%e6%b1%82/,2020-09-03
中国科学技术大学国际/港澳台事务协议签署审核工作传单,https://oic.ustc.edu.cn/download/%e4%b8%ad%e5%9b%bd%e7%a7%91%e5%ad%a6%e6%8a%80%e6%9c%af%e5%a4%a7%e5%ad%a6%e5%9b%bd%e9%99%85-%e6%b8%af%e6%be%b3%e5%8f%b0%e4%ba%8b%e5%8a%a1%e5%8d%8f%e8%ae%ae%e7%ad%be%e7%bd%b2%e5%ae%a1%e6%a0%b8%e5%b7%a5/,2020-09-03
高层次中长期境外专家公寓分配介绍信,https://oic.ustc.edu.cn/download/%e9%ab%98%e5%b1%82%e6%ac%a1%e4%b8%ad%e9%95%bf%e6%9c%9f%e5%a2%83%e5%a4%96%e4%b8%93%e5%ae%b6%e5%85%ac%e5%af%93%e5%88%86%e9%85%8d%e4%bb%8b%e7%bb%8d%e4%bf%a1/,2020-09-03
来校访问学者医疗保险承诺书,https://oic.ustc.edu.cn/download/%e6%9d%a5%e6%a0%a1%e8%ae%bf%e9%97%ae%e5%ad%a6%e8%80%85%e5%8c%bb%e7%96%97%e4%bf%9d%e9%99%a9%e6%89%bf%e8%af%ba%e4%b9%a6/,2020-09-03
与外专签订合同模板（英文版）,https://oic.ustc.edu.cn/download/%e4%b8%8e%e5%a4%96%e4%b8%93%e7%ad%be%e8%ae%a2%e5%90%88%e5%90%8c%e6%a8%a1%e6%9d%bf%ef%bc%88%e8%8b%b1%e6%96%87%e7%89%88%ef%bc%89/,2020-09-03
中国科学技术大学外事来访呈批表模板,https://oic.ustc.edu.cn/download/%e4%b8%ad%e5%9b%bd%e7%a7%91%e5%ad%a6%e6%8a%80%e6%9c%af%e5%a4%a7%e5%ad%a6%e5%a4%96%e4%ba%8b%e6%9d%a5%e8%ae%bf%e5%91%88%e6%89%b9%e8%a1%a8%e6%a8%a1%e6%9d%bf/,2020-09-03
USTC International Visit Registration Form,https://oic.ustc.edu.cn/download/ustc-international-visit-registration-form/,2020-09-03
外事文化宣传品申领流程及标准,https://oic.ustc.edu.cn/download/%e5%a4%96%e4%ba%8b%e6%96%87%e5%8c%96%e5%ae%a3%e4%bc%a0%e5%93%81%e7%94%b3%e9%a2%86%e6%b5%81%e7%a8%8b%e5%8f%8a%e6%a0%87%e5%87%86/,2020-09-03
新闻报道申报及审核流程,https://oic.ustc.edu.cn/download/%e6%96%b0%e9%97%bb%e6%8a%a5%e9%81%93%e7%94%b3%e6%8a%a5%e5%8f%8a%e5%ae%a1%e6%a0%b8%e6%b5%81%e7%a8%8b/,2020-09-03
新闻报道申报及审核流程,https://oic.ustc.edu.cn/download/%e6%96%b0%e9%97%bb%e6%8a%a5%e9%81%93%e7%94%b3%e6%8a%a5%e5%8f%8a%e5%ae%a1%e6%a0%b8%e6%b5%81%e7%a8%8b/,2020-09-03
中国科学技术大学因公出访事后公示表,https://oic.ustc.edu.cn/download/%e4%b8%ad%e5%9b%bd%e7%a7%91%e5%ad%a6%e6%8a%80%e6%9c%af%e5%a4%a7%e5%ad%a6%e5%9b%a0%e5%85%ac%e5%87%ba%e8%ae%bf%e4%ba%8b%e5%90%8e%e5%85%ac%e7%a4%ba%e8%a1%a8/,2020-09-03
中国科学技术大学因公出访事前公示表,https://oic.ustc.edu.cn/download/%e4%b8%ad%e5%9b%bd%e7%a7%91%e5%ad%a6%e6%8a%80%e6%9c%af%e5%a4%a7%e5%ad%a6%e5%9b%a0%e5%85%ac%e5%87%ba%e8%ae%bf%e4%ba%8b%e5%89%8d%e5%85%ac%e7%a4%ba%e8%a1%a8/,2020-09-03
因公临时出国人员备案表,https://oic.ustc.edu.cn/download/%e5%9b%a0%e5%85%ac%e4%b8%b4%e6%97%b6%e5%87%ba%e5%9b%bd%e4%ba%ba%e5%91%98%e5%a4%87%e6%a1%88%e8%a1%a8/,2020-09-03
因公临时出国人员备案表,https://oic.ustc.edu.cn/download/%e5%9b%a0%e5%85%ac%e4%b8%b4%e6%97%b6%e5%87%ba%e5%9b%bd%e4%ba%ba%e5%91%98%e5%a4%87%e6%a1%88%e8%a1%a8/,2020-09-03
因公护照个人资料登记卡,https://oic.ustc.edu.cn/download/%e5%9b%a0%e5%85%ac%e6%8a%a4%e7%85%a7%e4%b8%aa%e4%ba%ba%e8%b5%84%e6%96%99%e7%99%bb%e8%ae%b0%e5%8d%a1/,2020-09-03
因公护照个人资料登记卡,https://oic.ustc.edu.cn/download/%e5%9b%a0%e5%85%ac%e6%8a%a4%e7%85%a7%e4%b8%aa%e4%ba%ba%e8%b5%84%e6%96%99%e7%99%bb%e8%ae%b0%e5%8d%a1/,2020-09-03
申请因公护照事项表,https://oic.ustc.edu.cn/download/%e7%94%b3%e8%af%b7%e5%9b%a0%e5%85%ac%e6%8a%a4%e7%85%a7%e4%ba%8b%e9%a1%b9%e8%a1%a8/,2020-09-03
申请因公护照事项表,https://oic.ustc.edu.cn/download/%e7%94%b3%e8%af%b7%e5%9b%a0%e5%85%ac%e6%8a%a4%e7%85%a7%e4%ba%8b%e9%a1%b9%e8%a1%a8/,2020-09-03
申请因公出国签证事项表,https://oic.ustc.edu.cn/download/%e7%94%b3%e8%af%b7%e5%9b%a0%e5%85%ac%e5%87%ba%e5%9b%bd%e7%ad%be%e8%af%81%e4%ba%8b%e9%a1%b9%e8%a1%a8/,2020-09-03
申请因公出国签证事项表,https://oic.ustc.edu.cn/download/%e7%94%b3%e8%af%b7%e5%9b%a0%e5%85%ac%e5%87%ba%e5%9b%bd%e7%ad%be%e8%af%81%e4%ba%8b%e9%a1%b9%e8%a1%a8/,2020-09-03
因公临时赴台人员备案表,https://oic.ustc.edu.cn/download/%e5%9b%a0%e5%85%ac%e4%b8%b4%e6%97%b6%e8%b5%b4%e5%8f%b0%e4%ba%ba%e5%91%98%e5%a4%87%e6%a1%88%e8%a1%a8/,2020-09-03
因公临时赴台人员备案表,https://oic.ustc.edu.cn/download/%e5%9b%a0%e5%85%ac%e4%b8%b4%e6%97%b6%e8%b5%b4%e5%8f%b0%e4%ba%ba%e5%91%98%e5%a4%87%e6%a1%88%e8%a1%a8/,2020-09-03
ARP国际合作系统申报说明,https://oic.ustc.edu.cn/download/arp%e5%9b%bd%e9%99%85%e5%90%88%e4%bd%9c%e7%b3%bb%e7%bb%9f%e7%94%b3%e6%8a%a5%e8%af%b4%e6%98%8e/,2020-09-03
中国科学技术大学学生出国（境）管理实施细则,https://oic.ustc.edu.cn/download/%e4%b8%ad%e5%9b%bd%e7%a7%91%e5%ad%a6%e6%8a%80%e6%9c%af%e5%a4%a7%e5%ad%a6%e5%ad%a6%e7%94%9f%e5%87%ba%e5%9b%bd%ef%bc%88%e5%a2%83%ef%bc%89%e7%ae%a1%e7%90%86%e5%ae%9e%e6%96%bd%e7%bb%86%e5%88%99/,2020-09-03
中国科学技术大学外事出访呈批表模板,https://oic.ustc.edu.cn/download/%e4%b8%ad%e5%9b%bd%e7%a7%91%e5%ad%a6%e6%8a%80%e6%9c%af%e5%a4%a7%e5%ad%a6%e5%a4%96%e4%ba%8b%e5%87%ba%e8%ae%bf%e5%91%88%e6%89%b9%e8%a1%a8%e6%a8%a1%e6%9d%bf/,2020-09-03
中国科大国际学院招聘工作人员报名登记表,https://oic.ustc.edu.cn/download/%e4%b8%ad%e5%9b%bd%e7%a7%91%e5%a4%a7%e5%9b%bd%e9%99%85%e5%ad%a6%e9%99%a2%e6%8b%9b%e8%81%98%e5%b7%a5%e4%bd%9c%e4%ba%ba%e5%91%98%e6%8a%a5%e5%90%8d%e7%99%bb%e8%ae%b0%e8%a1%a8/,2020-09-03
乘坐非国内航空公司航班和改变中转地审批表,https://oic.ustc.edu.cn/download/%e4%b9%98%e5%9d%90%e9%9d%9e%e5%9b%bd%e5%86%85%e8%88%aa%e7%a9%ba%e5%85%ac%e5%8f%b8%e8%88%aa%e7%8f%ad%e5%92%8c%e6%94%b9%e5%8f%98%e4%b8%ad%e8%bd%ac%e5%9c%b0%e5%ae%a1%e6%89%b9%e8%a1%a8/,2020-08-17
中国科学技术大学软件学院,https://sse.ustc.edu.cn/2005/0511/c19906a417051/page.htm,2005-05-11
关于2003级全校性专业选择工作的通知,https://sse.ustc.edu.cn/2020/0326/c19906a417058/page.htm,2004-04-28
关于开展2003级本科生全校专业选择工作,https://sse.ustc.edu.cn/2020/0326/c19906a417059/page.htm,2004-03-18
关于2003级学生全校性专业选择实施细节,https://sse.ustc.edu.cn/2020/0326/c19906a417060/page.htm,2004-02-24
关于2001中期分流的通知,https://sse.ustc.edu.cn/2020/0326/c19906a417062/page.htm,2003-05-07
2002级全校性专业选择有关信息的通知,https://sse.ustc.edu.cn/2020/0326/c19906a417061/page.htm,2003-03-31
关于增招软件工程硕士生的通知,https://sse.ustc.edu.cn/2020/0326/c19906a417055/page.htm,2002-03-07
关于软件工程领域工程硕士有关事宜的通知,https://sse.ustc.edu.cn/2020/0326/c19906a417054/page.htm,2002-02-05
高等学校试办示范性软件学院的通知,https://sse.ustc.edu.cn/2020/0326/c19906a417056/page.htm,2001-12-03
关于进一步完善软件产业和集成电路产业复函,https://sse.ustc.edu.cn/2020/0326/c19906a417052/page.htm,2001-09-20
教 育 部 文 件,https://sse.ustc.edu.cn/2020/0326/c19906a417057/page.htm,2001-07-25
关于印发鼓励软件产业和集成电路产业通知,https://sse.ustc.edu.cn/2020/0326/c19906a417053/page.htm,2000-06-24
企业导师信息表.doc [2012-07-05],https://sse.ustc.edu.cn/_upload/article/files/89/1c/0de2f2c74cbca5b50aa538655129/e42a2aa4-9479-4f6e-a96e-0a959c87eb96.doc,2020-03-25
附件_CET46级报名表(合肥).xls [2011-03-22],https://sse.ustc.edu.cn/_upload/article/files/ef/15/d9a865a5476fb4d44ee30b44f626/85de1d4f-5343-4617-a042-d8ac6632d526.xls,2020-03-25
学位申请书空表 [2008-12-26],https://sse.ustc.edu.cn/_upload/article/files/dd/b4/7109c43448d79d47a2212831ffc9/ffebfad3-6f6a-45c0-8ad4-fb5076d68e19.doc,2020-03-25
答辩意见草稿模板 [2008-12-26],https://sse.ustc.edu.cn/_upload/article/files/c1/7f/531388354c76a2c51e916341b3fa/15c2bca1-3cf3-4c30-8fa8-ed1cea1f281b.doc,2020-03-25
中国科学技术大学学位论文相关声明.doc [2008-03-31],https://sse.ustc.edu.cn/_upload/article/files/9b/ac/6498f54243aba785858a6297ef91/96458186-0b02-4cbd-888b-e9f853a82032.doc,2020-03-25
工程硕士中期考核表.doc [2008-03-31],https://sse.ustc.edu.cn/_upload/article/files/ea/da/0f8dc3f649089f1c6fd2288fbad0/7ab41ce5-f0c7-484b-8735-e1f5714d3d4d.doc,2020-03-25
工程硕士开题报告.doc [2008-03-31],https://sse.ustc.edu.cn/_upload/article/files/df/e5/76bfbeee44acba544383b4100a9d/45de9ef3-efe6-4c48-ab8f-b7d39bde561e.doc,2020-03-25
工程硕士培养计划.doc [2008-03-31],https://sse.ustc.edu.cn/_upload/article/files/77/e7/07fc530b402695c336a567809646/5d37db7f-e0a9-467d-a087-0d5bcd7659f7.doc,2020-03-25
工程硕士申请学位申请者审核材料清单.doc [2008-03-31],https://sse.ustc.edu.cn/_upload/article/files/43/e5/fcd9374344e38a6a4f31d858b789/f08f04e9-3aa0-4639-a0e4-b863f1ced1f5.doc,2020-03-25
毕业论文选题和指导教师一览表.xls [2008-03-31],https://sse.ustc.edu.cn/_upload/article/files/a8/8f/593c163f4a9391a19445b9fce078/8227d833-70db-4872-97ed-3f3ddca9f2ed.xls,2020-03-25
工程硕士企业指导教师简况表.doc [2008-03-31],https://sse.ustc.edu.cn/_upload/article/files/8f/a2/7dede3f644cd8b7db7aa45c3f20b/47515660-b3b9-4a20-86b3-f774e0549bd5.doc,2020-03-25
研究生毕业实习鉴定表.doc [2008-03-31],https://sse.ustc.edu.cn/_upload/article/files/63/54/ec0bc5be47389593b80a6566bbfd/284b4cca-2b97-4bdd-95ab-97de0b4c8107.doc,2020-03-25
中国科学技术大学研究生论文撰写规范 [2008-12-26],https://sse.ustc.edu.cn/_upload/article/files/ee/75/65c84e85482a990434f9cf37595c/462f317f-6260-4d0f-8838-e97b46180812.doc,2020-03-25
软件学院毕业实习过程管理办法 [2008-04-01],https://sse.ustc.edu.cn/_upload/article/files/96/0e/968f4968436bb2d85a233b828186/da8d2493-c385-4ce0-8013-00ac2c12ccde.pdf,2020-03-25
关于2019年计划录取考生培养地与专业方向的通知.docx [2019-05-1...,https://sse.ustc.edu.cn/_upload/article/files/58/08/79f5c3c44c55806476cf2fa3f7fc/6b2eea42-4647-4ff1-88f7-3c5de6aece05.docx,2020-03-25
调剂复试名单公示.docx [2019-03-22],https://sse.ustc.edu.cn/_upload/article/files/4c/56/e188a63e46c19d38111207b1f8c7/4549e816-7e52-407c-861b-c4377a862d40.docx,2020-03-25
第一志愿复试名单公示.xls [2019-03-07],https://sse.ustc.edu.cn/_upload/article/files/aa/c6/af4ecf4c45f2b62ce1aa65bbedd1/00e28f77-a30d-4174-b0a9-0a93f07b023e.xls,2020-03-25
2018级计划录取学生专业方向.xls [2018-05-02],https://sse.ustc.edu.cn/_upload/article/files/6d/71/c17b31aa4ba7b310001bfa8e8200/87f75d1c-1134-493b-9ba9-bd45e51bb924.xls,2020-03-25
2016硕士研究生入学须知（软件学院・苏州） [2016-06-27],https://sse.ustc.edu.cn/_upload/article/files/03/d2/9373af124d89b4f508df72cbdd7f/6a7156ff-1316-4e14-8bd4-28e282a84cf1.doc,2020-03-25
2016硕士研究生入学须知（软件学院・合肥） [2016-06-27],https://sse.ustc.edu.cn/_upload/article/files/64/e9/037bf44b4442924d5930b7f324f4/16761181-156d-4c1b-b588-08f5a25315d7.doc,2020-03-25
2015暑期补课通知.doc [2015-06-25],https://sse.ustc.edu.cn/_upload/article/files/bd/aa/e205f8e2459da95ce33de31ee584/4470de75-cb2f-4320-900a-a4c4bab90e63.doc,2020-03-25
15进修生缴费须知.doc [2015-06-25],https://sse.ustc.edu.cn/_upload/article/files/49/39/d17c65ff41908eba4033c12a8877/ae5fc787-df14-44b8-9601-7aa2cce64e74.doc,2020-03-25
15进修生报到须知.doc [2015-06-25],https://sse.ustc.edu.cn/_upload/article/files/92/bf/911723fd4fe4b028d8c4ef07ee9b/d7347e13-8f1f-45f8-9ac5-fb92eef6ab67.doc,2020-03-25
附件：2015年在职人员攻读硕士专业学位报名登记表（样表）.doc [...,https://sse.ustc.edu.cn/_upload/article/files/28/4c/5d0291e54a839dc25fe15b162433/85920560-f8a9-4eda-ad81-d4beec04a54e.doc,2020-03-25
2015双证入学须知-苏州.doc [2015-06-05],https://sse.ustc.edu.cn/_upload/article/files/2d/08/73dda4214209bf709d33f584bc6c/4cf9aea4-b90b-45b6-ac67-3bb905c614b4.doc,2020-03-25
2015双证入学须知-合肥.doc [2015-06-05],https://sse.ustc.edu.cn/_upload/article/files/c5/66/620c2b66412db48be7c86ed82589/72344c34-2803-40ed-a559-770859f3b785.doc,2020-03-25
附件4.doc [2014-06-11],https://sse.ustc.edu.cn/_upload/article/files/74/eb/2456634e47ad9a71edc11a17e5fa/68802f4b-6654-4bdb-8935-3e57b26b4607.doc,2020-03-25
附件3.doc [2014-06-11],https://sse.ustc.edu.cn/_upload/article/files/38/57/45199b6c4e7aae56c551af1ec11f/b0376e34-b2a5-4aad-ab50-b352d0c08601.doc,2020-03-25
附件2.doc [2014-06-11],https://sse.ustc.edu.cn/_upload/article/files/ab/9f/48860aac4820ad61a7fb69fc7d0f/73e43336-4004-4396-9c8b-fd3b3dbd0247.doc,2020-03-25
附件1.doc [2014-06-11],https://sse.ustc.edu.cn/_upload/article/files/d4/54/e39c6c3e4432a436c68a3adf109e/f20efb17-279b-47d6-b897-5ecab84491e4.doc,2020-03-25
2013级研究生新生报到须知（苏州单证）.doc [2013-06-28],https://sse.ustc.edu.cn/_upload/article/files/1d/ce/a94d26594d3eab417090b11b3876/6d4efc04-e1b4-414e-b49b-b82163d8af96.doc,2020-03-25
中国科技大学研究生（硕、博）报到入户须知（苏州双证）.doc [20...,https://sse.ustc.edu.cn/_upload/article/files/82/30/53af981b4aafadc463164f58b57d/647c0507-d546-43d5-b172-e0b989192f41.doc,2020-03-25
中国科技大学研究生（硕、博）报到入户须知（合肥双证）.doc [20...,https://sse.ustc.edu.cn/_upload/article/files/0e/6e/477f5d95485eb2b543b61c799c00/f57aa4f2-5e57-4ad1-b833-a05e71580f3c.doc,2020-03-25
2013硕士研究生新生报到须知（苏州双证）.doc [2013-06-21],https://sse.ustc.edu.cn/_upload/article/files/1b/15/c5f7aab84441b3cbf6f180040cc8/788e19f4-f1c8-42b9-8f4e-2e0ee4cf14b9.doc,2020-03-25
2013硕士研究生新生报到须知（合肥双证）.doc [2013-06-21],https://sse.ustc.edu.cn/_upload/article/files/7c/50/1ee5d21f47a3b7a17afed98dc2fb/2494b0cc-55f0-4c2b-9882-0578168cc775.doc,2020-03-25
2013代培生报到须知.doc [2013-06-21],https://sse.ustc.edu.cn/_upload/article/files/64/64/27a1a7a74f1e9460870d924a8804/a1794473-b6ed-4a6d-9e92-0741966b2de6.doc,2020-03-25
中国科技大学本、研（硕、博）生报到入户须知（苏州双证）.doc [...,https://sse.ustc.edu.cn/_upload/article/files/b4/95/e47c4795405fa0a388937f522271/c48dcac1-d071-412d-be3b-1f6bad1f1bcb.doc,2020-03-25
中国科技大学本、研（硕、博）生报到入户须知（合肥双证）.doc [...,https://sse.ustc.edu.cn/_upload/article/files/1d/6f/298267e24a9c9cf515f31e382c84/c28d4b49-492a-4c66-948d-a84eeb7b2c60.doc,2020-03-25
2013年软件工程专业硕士（单证）自主招生报考资格审查表.doc [20...,https://sse.ustc.edu.cn/_upload/article/files/85/b8/200674d24596a7e3222e4950a735/48ba17ae-f6c5-47d9-ab23-55b0baaa1a3a.doc,2020-03-25
4：关于2012级新生暑期补课的通知.doc [2012-07-04],https://sse.ustc.edu.cn/_upload/article/files/87/36/decd97874bd8b8f6d1aa3aca5e31/75ad072a-e490-4e3f-b83a-af46924314e1.doc,2020-03-25
3：使用太平洋学子卡交费操作指南.doc [2012-07-04],https://sse.ustc.edu.cn/_upload/article/files/df/55/60d53ed6486fbd3c764d630f38be/8b96717a-7012-4371-b6cf-5b636d4a2113.doc,2020-03-25
2：研究生学费住宿费缴纳说明（苏州）.doc [2012-07-04],https://sse.ustc.edu.cn/_upload/article/files/da/c8/143a93c64b549bbbe7ab1d7fe19e/1507317d-de4c-4ac3-afeb-eda0878dad8e.doc,2020-03-25
1：2012级研究生新生报到须知（苏州单证）.doc [2012-07-04],https://sse.ustc.edu.cn/_upload/article/files/80/4e/a83e6a744aeba8e57ad50e2fc6c8/95800f37-239c-47c8-8892-16839dba8cef.doc,2020-03-25
中国科学技术大学在职软件工程专业硕士自主招生报考资格审查表.d...,https://sse.ustc.edu.cn/_upload/article/files/80/bb/f098b3784e3d918511ce00b2fa4d/df9ac291-4234-4fcf-a5df-d8b0d631786d.doc,2020-03-25
中国科学技术大学在职软件工程专业硕士自主招生报考资格审查表.d...,https://sse.ustc.edu.cn/_upload/article/files/83/0b/5be13b1f41b9941ad40d3d155aac/730e7ca1-4e85-4ed0-83bb-a49ecae0a98a.doc,2020-03-25
2012年考试大纲_834软件工程基础.pdf [2011-11-24],https://sse.ustc.edu.cn/_upload/article/files/f5/75/277a88e249e590fb6ab859791952/10f5b133-a3b1-43fa-a74b-acda7735d93a.pdf,2020-03-25
5：关于我院设立“软件项目管理试验班”并在新生中选拔生源的通...,https://sse.ustc.edu.cn/_upload/article/files/b6/3b/bb9607b24e21b3b42ef0c10d092d/9463e772-cab0-4442-b1ba-ba2bd5a12486.doc,2020-03-25
4：关于我院设立“软件项目管理试验班”并在新生中选拔生源的通...,https://sse.ustc.edu.cn/_upload/article/files/a5/29/caf2f02f4c7e82ef2b535cacb4aa/844c1c65-6ecb-46c6-add4-9b32119b88c2.doc,2020-03-25
2：学费、住宿费缴纳说明（苏州单证）.doc [2011-06-24],https://sse.ustc.edu.cn/_upload/article/files/ec/74/ccf531a64ac7be4bbc9aafaf82d7/e5cf7d06-102b-4a19-8a16-8ddd4a83f750.doc,2020-03-25
1：2011级研究生新生报到须知（苏州单证）.doc [2011-06-24],https://sse.ustc.edu.cn/_upload/article/files/26/18/e95f86b44a978196e36ccaae7dfc/315cf6a2-8dfa-4c38-a3fd-3df597ca7672.doc,2020-03-25
2：研究生学费缴纳说明（苏州双证）.doc [2011-06-23],https://sse.ustc.edu.cn/_upload/article/files/dd/0a/90554a8748f7ae8f0cff9da6f64c/85f6f69e-94d8-420e-8d4a-d911053acd03.doc,2020-03-25
4：关于2011级新生暑期补课的通知.doc [2011-06-22],https://sse.ustc.edu.cn/_upload/article/files/99/aa/00b9f64246ffa8f4d95e9590d0da/1d708ca4-c9b6-4965-8910-cd6436dd5332.doc,2020-03-25
5：附件：2011级软件项目管理实验班申请表.xls [2011-06-22],https://sse.ustc.edu.cn/_upload/article/files/20/da/51f709a7499eb22b0b97eab8cf6b/e5669b65-eebb-4fff-a625-f25edbf2fa5f.xls,2020-03-25
3：中国科技大学本、研（硕、博）生报到入户须知（苏州双证）.do...,https://sse.ustc.edu.cn/_upload/article/files/7a/84/e202be58492dbb499169dcfa6725/6be12885-6b8e-4d83-8989-f77bc07cba9a.doc,2020-03-25
1：研究生新生报到须知（苏州双证）.doc [2011-06-22],https://sse.ustc.edu.cn/_upload/article/files/fe/2f/44e973ab4c52a84bee608ba67214/caff1d6f-8272-4e03-af53-2ee7d7f6550d.doc,2020-03-25
5：附件：2011级软件项目管理实验班申请表.xls [2011-06-22],https://sse.ustc.edu.cn/_upload/article/files/28/41/9d34184d446383f961f0daddc224/851779d6-1c35-4fa5-acad-124acca47535.xls,2020-03-25
3：中国科技大学本、研（硕、博）生报到入户须知（合肥双证）.do...,https://sse.ustc.edu.cn/_upload/article/files/e0/7a/239f2280475581a0c5a61f770a7e/78a3b757-911d-4969-a43f-1eb0b912d921.doc,2020-03-25
2：研究生学费缴纳说明（合肥双证）.doc [2011-06-22],https://sse.ustc.edu.cn/_upload/article/files/b4/d8/425750eb4c7aab42c3ad08cd12ef/e897bd77-4686-4196-8c27-cff4bdc5d86f.doc,2020-03-25
1：研究生新生报到须知（合肥双证）.doc [2011-06-22],https://sse.ustc.edu.cn/_upload/article/files/5a/77/7ddfc7f9455c8c8b9686050bbc44/ca7678dc-5645-4714-be21-fefbf7a01c1f.doc,2020-03-25
2011年在职招生-附件.doc [2011-06-07],https://sse.ustc.edu.cn/_upload/article/files/b7/aa/105053594964999328dcbd9355df/1613fce9-df40-4424-a579-eef9a6fa60a8.doc,2020-03-25
2011中国科大硕士招生复试体检单.doc [2011-04-13],https://sse.ustc.edu.cn/_upload/article/files/24/5a/94dee7cc44f99413ce3936160ae7/49043961-247a-4be6-918c-4b918a331cc8.doc,2020-03-25
2011中国科大硕士招生复试体检单.doc [2011-04-13],https://sse.ustc.edu.cn/_upload/article/files/ac/ec/fbe1609f42089f6720122eee6af3/977a2d62-9413-4752-9e18-8e449e350e33.doc,2020-03-25
2011中国科大硕士招生复试体检单.doc [2011-03-29],https://sse.ustc.edu.cn/_upload/article/files/40/50/b29e4d204a87accc4ccee6c6e06d/e3ecaa66-3f00-434b-8923-b856eac2705b.doc,2020-03-25
2011中国科大硕士招生复试体检单.doc [2011-03-24],https://sse.ustc.edu.cn/_upload/article/files/cd/50/c97277ca4a7fa9fee125b04d31e5/34705173-68b6-4c7f-9780-ce19330cb1bc.doc,2020-03-25
关于2010级新生暑期补课的通知.doc [2010-06-22],https://sse.ustc.edu.cn/_upload/article/files/62/bf/48f457874e0a98881dc07731393d/149bc7da-d0f3-4164-9b3d-9b39651ab540.doc,2020-03-25
中国科技大学本、研（硕、博）生报到入户须知（苏州双证）.doc [...,https://sse.ustc.edu.cn/_upload/article/files/66/24/9f0245874b36aa2eecb255de1252/ed4823fd-e73d-4efc-81f6-2132ac0a333d.doc,2020-03-25
中国科技大学本、研（硕、博）生报到入户须知.doc [2010-06-22],https://sse.ustc.edu.cn/_upload/article/files/fe/b7/ea809c994be6999ef2b8715f7477/af265365-57ff-42c7-ad3a-1e5e63f41a19.doc,2020-03-25
研究生学费缴纳说明（苏州双证）.doc [2010-06-22],https://sse.ustc.edu.cn/_upload/article/files/d4/ca/c1444cf040e3aae1e17256c11f97/cbad8933-d4c0-4206-a76d-b7c3c3d18330.doc,2020-03-25
研究生学费缴纳说明（合肥双证）.doc [2010-06-22],https://sse.ustc.edu.cn/_upload/article/files/8d/f4/7675b1464395a99260fb6dc38a3c/f46beeb3-88b8-4bf1-bd1b-62f0e92cb272.doc,2020-03-25
10研究生新生报到须知（苏州双证）.doc [2010-06-22],https://sse.ustc.edu.cn/_upload/article/files/28/e3/6f681f0a4f4480567eb6384cf6f1/4ae526c9-2c91-4ff4-bbbe-3673bc8ca8cb.doc,2020-03-25
10研究生新生报到须知（合肥双证）.doc [2010-06-22],https://sse.ustc.edu.cn/_upload/article/files/11/91/5728d08a4811bf1081594380ad3f/65c072e8-f567-457b-8f6f-fc759e889ff1.doc,2020-03-25
2010年秋季上海和泉州在职班招生简章-附件.doc [2010-04-17],https://sse.ustc.edu.cn/_upload/article/files/fd/0f/5ce4b5cb4f168b5861a24a0cfdee/c624b3fa-f401-490c-9906-d3190db6427f.doc,2020-03-25
表5_2010中国科大硕士招生复试体检单.doc [2010-03-25],https://sse.ustc.edu.cn/_upload/article/files/dd/b8/759e368a459e8ab28d0b012e753c/2239d13e-ed90-4672-b3dd-dd0c682993f8.doc,2020-03-25
2010年春季合肥班招生_报名表.doc [2009-10-14],https://sse.ustc.edu.cn/_upload/article/files/79/aa/d1ce7d5f4cc7abbf2525ca0a9baf/e4d9fd11-9262-4acb-964b-802ad217117e.doc,2020-03-25
09研究生新生报到须知（单证全日制）.doc [2009-07-10],https://sse.ustc.edu.cn/_upload/article/files/3c/1e/2d63e52943ffade036802b92a342/88fcdf46-715d-4561-a275-486ee5362c9c.doc,2020-03-25
09研究生新生报到须知（单证在职）.doc [2009-07-10],https://sse.ustc.edu.cn/_upload/article/files/a3/be/a97012674af0b911418fec83da5d/75f282a7-e104-4137-8715-8d5a8f2591b9.doc,2020-03-25
09研究生新生报到须知（合肥双证）.doc [2009-06-23],https://sse.ustc.edu.cn/_upload/article/files/ef/14/81da8f014df78a79b747f0c6a46c/076d8080-4a1d-46ce-8325-0f83da171655.doc,2020-03-25
09研究生新生报到须知（苏州双证）.doc [2009-06-23],https://sse.ustc.edu.cn/_upload/article/files/38/ff/266f28aa4043aa684ef824c60d19/e30f077b-e6cb-4e31-b46b-d62fdd2a7f75.doc,2020-03-25
09报到入户须知（双证）.doc [2009-06-23],https://sse.ustc.edu.cn/_upload/article/files/a5/6a/03d49101419888ee31449f875301/5266e3af-7911-4587-a6a8-a1207509fd38.doc,2020-03-25
09接受委托培养攻读硕士学位研究生协议书.doc [2009-06-05],https://sse.ustc.edu.cn/_upload/article/files/bf/8a/9fa186454f64ae18cb0660b4e734/63ad35a9-4b77-4dbc-a300-2fc14b6017d7.doc,2020-03-25
08报到入户须知（双证）.doc [2008-06-24],https://sse.ustc.edu.cn/_upload/article/files/e4/ba/607440344b52a39421c6d9e3b57f/98e9baa0-7fd4-4388-bc00-e29815b6a479.doc,2020-03-25
08研究生新生报到须知（单证）.doc [2008-06-24],https://sse.ustc.edu.cn/_upload/article/files/ae/54/f6fa03474f23a4d496016f08d13c/de2d437c-222f-47b2-9dcb-4bcb81c55691.doc,2020-03-25
08研究生新生报到须知（苏州双证）.doc [2008-06-24],https://sse.ustc.edu.cn/_upload/article/files/cd/76/baa8c5d44cbe8911c343015888ce/81440f0b-21c9-4edd-8986-9a11a39819c5.doc,2020-03-25
08研究生新生报到须知（合肥双证）.doc [2008-06-24],https://sse.ustc.edu.cn/_upload/article/files/8b/ae/0b4958184ae587f76e7ebbc929b4/02014561-e993-413f-8781-fbaae537a80a.doc,2020-03-25
download_2008年软件工程专业硕士（单证）自主招生报名资格审查...,https://sse.ustc.edu.cn/_upload/article/files/43/81/73bbd22a407281781d157e3e0764/d404098d-1dc1-430e-ba27-8f49276bd179.doc,2020-03-25
download_2008年软件工程专业硕士（单证）调剂报名资格审查表.do...,https://sse.ustc.edu.cn/_upload/article/files/88/c1/3c2b42814b6a8c39352fe314a030/65215afc-df2f-4494-b233-f6e15fe7d3c3.doc,2020-03-25
download_2008年软件工程专业硕士（双证）调剂报名资格审查表.do...,https://sse.ustc.edu.cn/_upload/article/files/05/18/014ebc054b17859c26d00e781334/ca7c098a-ad7e-4f9c-bf08-f8101e59f909.doc,2020-03-25
08年招生简章（单证）附件二：单证调剂报名表.doc [2007-11-15],https://sse.ustc.edu.cn/_upload/article/files/95/5c/6c888c6847858f979c2862e3926d/a8e5a939-c790-4506-b60d-ffceb42bade3.doc,2020-03-25
08年招生简章（单证）附件一：自主招生报名表.doc [2007-11-15],https://sse.ustc.edu.cn/_upload/article/files/a3/10/0669cc8b4f91b817d731f907e7b8/19e684f4-aa9a-40d1-903c-4c4f3bbdc24b.doc,2020-03-25
2007年软件工程专业硕士（双证）调剂报名资格审查表 [2007-09-06...,https://sse.ustc.edu.cn/_upload/article/files/9b/e7/397f740647dd89ca1cbdfa272568/bbb71953-55ac-4b1e-9918-8aad0c1910f5.doc,2020-03-25
2007年软件工程专业硕士（单证）调剂报名资格审查表 [2007-09-06...,https://sse.ustc.edu.cn/_upload/article/files/fa/ff/f94468024e2d8b67ffcaf468acb9/fcdf75bf-7101-41d6-b152-98ec5c4e8e00.doc,2020-03-25
附件一-2017年软件学院第一届创新创业软件设计大赛-报名表.doc [...,https://sse.ustc.edu.cn/_upload/article/files/39/7a/00c8c609484dad4f1a30b0f4ecf5/ddc00b5c-2297-4c1d-954b-6da444718471.doc,2020-03-25
2017第一届创新创业软件设计大赛章程.pdf [2017-04-01],https://sse.ustc.edu.cn/_upload/article/files/c0/55/0c20f96c407783f17d8354e193a5/37cbdb3e-2205-4b0a-827c-eea94278fa49.pdf,2020-03-25
2017计算所招聘岗位汇总-20160907.pdf [2016-09-18],https://sse.ustc.edu.cn/_upload/article/files/60/62/2ec6f97247c88266d88e0f8911af/fdb1cf0c-4a3c-4fa3-bb50-d4ec5eb78c38.pdf,2020-03-25
远程教育培训室简介.doc [2014-12-11],https://sse.ustc.edu.cn/_upload/article/files/9d/d8/682aa812407c8f8901893bd129d8/e4100a0d-a0fc-425b-bf21-10d7090c0fed.doc,2020-03-25
信息工程技术培训室简介.doc [2014-12-11],https://sse.ustc.edu.cn/_upload/article/files/ad/13/a58df51347569bfee9400d91065c/42eebf94-5336-4f1d-9a39-a74d7468211e.doc,2020-03-25
高层次人才职位申请表.doc [2013-09-30],https://sse.ustc.edu.cn/_upload/article/files/e1/e4/e3ed48a34c9b808eb465019c4219/6cc5b272-4c51-4159-aed9-6dc949f0c110.doc,2020-03-25
软件学院（苏州）毕业生离校指南（双证）.doc [2010-12-22],https://sse.ustc.edu.cn/_upload/article/files/55/25/bb0e41b24f5e9fe11e739ccf2557/57a40e64-9635-4e03-8ffd-7dee222ea96c.doc,2020-03-25
软件学院（苏州）毕业生离校指南（单证）.doc [2010-12-17],https://sse.ustc.edu.cn/_upload/article/files/cd/fd/cc51d6264166a34eb2b8d3183194/eff41710-c26f-45fa-a25a-9ad66d2fa6f3.doc,2020-03-25
docadd1 [2010-11-15],https://sse.ustc.edu.cn/_upload/article/files/82/6a/37ca507c442c83b991c268203ab6/e9b394d4-7678-4820-9b7c-6f63e261e105.pdf,2020-03-25
SRCB_job_application_form.xls [2010-11-03],https://sse.ustc.edu.cn/_upload/article/files/39/4c/b4f5c41c47519c4c0746c42bf123/3818a639-ab3f-43a1-894f-80517a102289.xls,2020-03-25
补发申请 [2010-10-22],https://sse.ustc.edu.cn/_upload/article/files/f0/30/ef20e504438d817f1783b2fda2c2/98f22a1c-8a8c-481c-b156-a2363e24f489.doc,2020-03-25
SRCB Application Form [2008-10-23],https://sse.ustc.edu.cn/_upload/article/files/83/ff/b294f0684930a83992ace5e49574/47565137-08bb-4e90-a0dd-8bd6867695cf.xls,2020-03-25
22.asp;.jpg [2012-04-04],https://sse.ustc.edu.cn/2020/0325/c19882a416874/page.htm,2020-03-25
工程实验基础课程免修申请表.doc [2010-08-27],https://sse.ustc.edu.cn/_upload/article/files/60/f8/6cfdf9334c0290845aa1fcbcf26a/b4515900-b5bb-4b3f-8be1-e2ec5f74d8a4.doc,2020-03-25
开题报告模板.doc [2010-08-21],https://sse.ustc.edu.cn/_upload/article/files/9f/22/6b9a16fb41688cd2bcad36b10a86/0bf8ce06-126a-4d7c-9380-36b27e048eb5.doc,2020-03-25
硕2009《软件工程实验》项目环节开题报告格式.doc [2009-11-12],https://sse.ustc.edu.cn/_upload/article/files/ca/32/420dc3d740748efed2701201fafb/f5af980a-ebdd-4ae2-8651-f42e3c56c8cb.doc,2020-03-25
开题报告格式.doc [2008-10-21],https://sse.ustc.edu.cn/_upload/article/files/dc/52/4c9b35c44a529549c06106f7b4c4/6e85f2a2-8d98-4593-873a-2f019945c667.doc,2020-03-25
软件学院07级实践报名表1.doc [2007-11-24],https://sse.ustc.edu.cn/_upload/article/files/a9/73/a6e5d17a471793da32093fa12091/8c5b1d79-74e3-4361-8a3a-8a1bdbc89878.doc,2020-03-25
软件学院07级实践报名表2.doc [2007-11-24],https://sse.ustc.edu.cn/_upload/article/files/4d/b6/6a40a8734cf68453dad766e6fa17/50987fc4-7784-4f0b-b168-3a77b85ee8e2.doc,2020-03-25
开题报告格式.doc [2007-11-07],https://sse.ustc.edu.cn/_upload/article/files/1c/ae/216b749d4bc59fc0b31caa7630a6/52863966-d8ea-4cd7-a243-91bee2489c11.doc,2020-03-25
报名表.doc [2007-10-02],https://sse.ustc.edu.cn/_upload/article/files/e7/21/db739cc84603bd98dfb2e192fec5/5419edbb-108e-4f65-a608-962ec4e99dd5.doc,2020-03-25
图片一.jpg [2018-10-18],https://sse.ustc.edu.cn/2020/0325/c19884a416880/page.htm,2020-03-25
中国科大软件学院2018年招聘工作人员报名登记表.doc [2018-05-25...,https://sse.ustc.edu.cn/_upload/article/files/ca/51/970e645c49e3ba66b89280133484/3e2bc395-ddbd-4d16-94e8-d40701e0a4ff.doc,2020-03-25
招聘信息.doc [2018-05-25],https://sse.ustc.edu.cn/_upload/article/files/37/e6/38012ea34c469cd1554d5ca4a2c2/1b2de41e-b4d1-45c7-905a-c9f8482461fa.doc,2020-03-25
包河区选区选民登记表.doc [2011-11-09],https://sse.ustc.edu.cn/_upload/article/files/64/41/ff96442d4145a075c084baecd779/caa4b024-0395-483d-bf4b-6eaae738a7bb.doc,2020-03-25
Y软件学院讯飞奖教金审批表2.doc [2009-12-29],https://sse.ustc.edu.cn/_upload/article/files/5d/c5/faad7d174275b177b96dfd3a72a9/2efa7434-b2c8-4f22-9762-8e454c1aec65.doc,2020-03-25
请假单,https://wp.ustc.edu.cn/_temp/e0f1a262-7e5f-4bc9-a207-e84a93ffd2a7.doc,2021-11-15
银校通.pdf [2018-06-25],https://sse.ustc.edu.cn/_upload/article/files/5c/d2/d8208ceb4091b4e0624308b74f21/ba45f543-29ab-4cfa-9506-e8034c404101.pdf,2020-03-25
软件学院第一届创新创业大赛获奖项目.doc [2017-06-01],https://sse.ustc.edu.cn/_upload/article/files/d4/7a/bbd8ad38415481348612271943d5/e23f9275-0998-471b-96b7-ef999f76a2a3.doc,2020-03-25
2017第一届创新创业软件设计大赛章程.pdf [2017-04-01],https://sse.ustc.edu.cn/_upload/article/files/5e/f0/f486780c4e1c9618a309a02e4ed5/8453cf43-fc6f-414a-8508-234eb0b7f58e.pdf,2020-03-25
附件一-2017年软件学院第一届创新创业软件设计大赛-报名表.doc [...,https://sse.ustc.edu.cn/_upload/article/files/90/96/3c309ba740ef9c9d52aba942a120/8c72ce77-2ed4-4b30-b47f-4ac29ba33728.doc,2020-03-25
附件一-2015年软件学院第十一届软件设计大赛-报名表.doc [2015-0...,https://sse.ustc.edu.cn/_upload/article/files/a0/1a/1f493ecd4c5fb4dfa2b09a283e47/b329c849-3c48-45bb-82f6-c1c2baca844e.doc,2020-03-25
附件二-2015年软件学院第十一届软件设计大赛-材料清单.doc [2015...,https://sse.ustc.edu.cn/_upload/article/files/26/56/96deb0fc4ae2b45f217de67e3807/78295c22-91d0-4f87-b20a-e6bc045f043c.doc,2020-03-25
附件三-2015年软件学院第十一届软件设计大赛-知识产权声明及工作...,https://sse.ustc.edu.cn/_upload/article/files/3c/b8/275647314f69a706fc2f513f272c/227892fb-ef58-4bfc-89d3-ffd827931e0c.doc,2020-03-25
附件二-2014年软件学院第十届软件设计大赛-材料清单.doc [2014-0...,https://sse.ustc.edu.cn/_upload/article/files/2a/69/8dd82f984f4bbf7d33b4dc2e8421/011508fb-678b-4a92-97f9-71afd62f7beb.doc,2020-03-25
附件一-2014年软件学院第十届软件设计大赛-报名表.doc [2014-05-...,https://sse.ustc.edu.cn/_upload/article/files/b0/5c/f2deec3744d4a493d44333f8744d/0d07043c-4a9a-422e-b163-ee11a2d931cc.doc,2020-03-25
附件三-2014年软件学院第十届软件设计大赛-知识产权声明及工作量...,https://sse.ustc.edu.cn/_upload/article/files/7d/a0/8c89d6174e128d14afb676e7c1cb/33147da6-edb4-42a7-b22b-2c5f334d6b9f.doc,2020-03-25
“第一届全国高校软件定义网络(SDN)应用创新开发大赛”报名表.do...,https://sse.ustc.edu.cn/_upload/article/files/65/32/bc3e1c2d4179b0a7cb0b6e179264/3fffd621-29be-4bff-9867-0687f541a62e.doc,2020-03-25
“第一届全国高校软件定义网络(SDN)应用创新开发大赛”赛项概要....,https://sse.ustc.edu.cn/_upload/article/files/24/a0/a53a8eb7400aa453f1795a00f0c8/c5a772c4-31ae-436b-bd13-dea1e9a1e7d9.doc,2020-03-25
“第一届全国高校软件定义网络(SDN)应用创新开发大赛”赛项执行...,https://sse.ustc.edu.cn/_upload/article/files/45/3a/e41f5b2c4669bf8e075aeacfbb70/5cf7c316-0331-44b1-83ea-1351c5226c10.doc,2020-03-25
“第一届全国高校物联网应用创新大赛”报名表.doc [2013-12-05],https://sse.ustc.edu.cn/_upload/article/files/86/9e/84e21bd34708a0368ec2cccf6c05/e88b8332-5bce-44d7-9551-6f9d956be359.doc,2020-03-25
“第一届全国高校物联网应用创新大赛”赛项执行委员会名单.doc [...,https://sse.ustc.edu.cn/_upload/article/files/b4/69/dca2e9ac4bb99b032d42b6a0a724/177e54ce-ca5a-425c-8c43-25991dbfccc1.doc,2020-03-25
“第一届全国高校物联网应用创新大赛”赛项概要.doc [2013-12-05...,https://sse.ustc.edu.cn/_upload/article/files/c0/b4/6594c1b744fbb94ebd098c5e9401/21918bdb-a6e2-4a1f-a10f-1790aba33a9c.doc,2020-03-25
附件二-2013年软件学院第九届软件设计大赛-材料清单.doc [2013-0...,https://sse.ustc.edu.cn/_upload/article/files/af/47/9ad629874c93b0e098abc2991815/0121a59e-ec3f-40a9-8047-5cab25ec3f82.doc,2020-03-25
附件三-2013年软件学院第九届软件设计大赛-知识产权声明及工作量...,https://sse.ustc.edu.cn/_upload/article/files/d9/9c/5d72053849f7ba4b60d938a6ea19/f794148f-a19d-4254-b292-c60b38db4e74.doc,2020-03-25
附件一-2013年软件学院第九届软件设计大赛-报名表.doc [2013-05-...,https://sse.ustc.edu.cn/_upload/article/files/d9/b2/38bb7bc64ac18e8e24940b39bfa8/30b4fd97-8ac7-4616-b14e-0b20bc3fa744.doc,2020-03-25
附件三-2012年软件学院第八届软件设计大赛-知识产权声明及工作量...,https://sse.ustc.edu.cn/_upload/article/files/63/f1/5254858049c38ef5348dd2d36ad9/74eaaa5e-e3bd-47fd-a8b4-bce7b5197ec6.doc,2020-03-25
附件一-2012年软件学院第八届软件设计大赛-报名表.doc [2012-05-...,https://sse.ustc.edu.cn/_upload/article/files/dc/08/0c9fc23c4dfab2fdf90862da05bb/7cd4dc8b-3254-401d-a511-4060b94b9e38.doc,2020-03-25
附件二-2012年软件学院第八届软件设计大赛-材料清单.doc [2012-0...,https://sse.ustc.edu.cn/_upload/article/files/c1/0d/2467c2474ec5a6c54c55871d29fd/12bd572b-93a1-481c-800e-67cfdb50bd2b.doc,2020-03-25
附件三-2012年软件学院第八届软件设计大赛-知识产权声明及工作量...,https://sse.ustc.edu.cn/_upload/article/files/75/1f/43922ce94b74b6d753b5874a0a73/214dba49-5322-4507-9780-aa651a40a826.doc,2020-03-25
附件 十周年院庆庆典大会相关说明.doc [2012-02-28],https://sse.ustc.edu.cn/_upload/article/files/c7/24/891995f7431cab4f6a2c12daf7f9/e07c29ff-b470-41eb-8f78-c8b9b71c19fb.doc,2020-03-25
2011软件学院研究生会(合肥分会）招新报名表.doc [2011-08-31],https://sse.ustc.edu.cn/_upload/article/files/35/c0/8cfa423c4a259b607581cf0824cf/574830cb-fac4-4b94-97a9-32a248981eab.doc,2020-03-25
附件-2011年软件学院第七届软件设计大赛-fj2材料清单.doc [2011-...,https://sse.ustc.edu.cn/_upload/article/files/c1/72/fe21c5ee4d99829def1a99183aef/9ef79ab8-92dc-4ee5-b7a9-ae48713d61e0.doc,2020-03-25
附件-2011年软件学院第七届软件设计大赛-fj3知识产权声明及工作...,https://sse.ustc.edu.cn/_upload/article/files/1d/3b/1a17be1948cab9461a2fb2ad6b56/8ede35d2-229d-4314-9a3c-017430f78de4.doc,2020-03-25
2011年软件学院第七届软件设计大赛-fj2材料清单.doc [2011-01-20...,https://sse.ustc.edu.cn/_upload/article/files/a3/69/218070434b5ea782c927726a4340/a4259c8d-25c2-416b-9877-7df9bcd278a4.doc,2020-03-25
2011年软件学院第七届软件设计大赛-fj3知识产权声明及工作量排序...,https://sse.ustc.edu.cn/_upload/article/files/e2/8b/5f9a02944c81be70c498b80e323b/4ce6280b-3494-4f18-8060-c5f8ea6373f9.doc,2020-03-25
2011年软件学院第七届软件设计大赛-fj1报名表.doc [2011-01-20],https://sse.ustc.edu.cn/_upload/article/files/ef/b0/03d4aae74c9996a8116b59426630/f7655408-d582-4960-a7fc-12d05db9b8e9.doc,2020-03-25
北工大游戏征稿通知.pdf [2010-10-11],https://sse.ustc.edu.cn/_upload/article/files/27/45/d978e4034b7db3ab773c37c07626/5346c252-0d8b-486f-a31e-87bb4002c1a2.pdf,2020-03-25
2010年软件学院第六届软件设计大赛章程20100602-fj0知识产权声明...,https://sse.ustc.edu.cn/_upload/article/files/54/5f/4265b87a4c97948fbf79fd481c10/4b4a7767-b918-4cdf-a35a-fa1b71acc0a9.doc,2020-03-25
2010年软件学院第六届软件设计大赛章程20100602-fj1报名表.doc [...,https://sse.ustc.edu.cn/_upload/article/files/c2/0f/264f871943d8b3e4ce14492095af/84ca562a-3188-43b2-8036-421931e012c6.doc,2020-03-25
2010年软件学院第六届软件设计大赛章程20100602-fj2参考选题.doc...,https://sse.ustc.edu.cn/_upload/article/files/43/7e/e687ce7849e795915e7684e80d7d/3d1ac766-c004-457e-a5c6-c7d5fee3ad48.doc,2020-03-25
2009年软件学院第五届软件设计大赛章程20090525-fj2参考选题.doc...,https://sse.ustc.edu.cn/_upload/article/files/84/27/1578689945dfbd776aefa6ace274/964c2b53-292c-427e-b209-f77aab51c39e.doc,2020-03-25
2009年软件学院第五届软件设计大赛章程20090525-fj1报名表.doc [...,https://sse.ustc.edu.cn/_upload/article/files/20/79/eb58e5fd4dc7a0ba54a927c688dc/68d6c439-8947-4698-990e-cba0096fe2a9.doc,2020-03-25
2009年软件学院第五届软件设计大赛章程20090525-fj0知识产权声明...,https://sse.ustc.edu.cn/_upload/article/files/f9/c5/68d86a0a4427992c29447e6bb853/09e35fd1-7e9b-4f9c-8ebb-d75fbf8b1353.doc,2020-03-25
二等奖_《走进科大》_徐一智.doc [2008-11-03],https://sse.ustc.edu.cn/_upload/article/files/b2/58/ae25e96740b5b5585cc156e6b6c2/67cf4e9b-2958-4d83-9b31-8c1e4e62d8fc.doc,2020-03-25
一等奖_《科大――放飞梦想的花园》_王博.doc [2008-10-31],https://sse.ustc.edu.cn/_upload/article/files/d0/6f/d948a4734811816343749ea072c1/e5a4cbf8-23a9-475f-a31f-330d9b803f9b.doc,2020-03-25
二等奖_《做一名合格的科大人》_余弦.doc [2008-10-31],https://sse.ustc.edu.cn/_upload/article/files/88/f9/f7fb376b4a85b1a51ec2cce9226a/687cc173-a89e-42b9-b02a-c1180ac6c1b8.doc,2020-03-25
二等奖_《我是科大人》_钟华.doc [2008-10-31],https://sse.ustc.edu.cn/_upload/article/files/cf/0b/f147f54c4318b09c54109a930418/a849dbbc-9d66-46fe-ac12-bd96a5288e6c.doc,2020-03-25
一等奖_《我的科大梦》_郭靖.doc [2008-10-31],https://sse.ustc.edu.cn/_upload/article/files/01/57/da8045094fdfa021a5cabd5c0c29/40803e2b-c4c1-428d-8749-179ed538656d.doc,2020-03-25
一等奖_《踏着先辈的足迹》_李川.doc [2008-10-31],https://sse.ustc.edu.cn/_upload/article/files/4a/38/f0a7827142f290a76bcfd5258a16/9994515c-9a9e-4ef2-9416-b140e87a181d.doc,2020-03-25
2008年软件学院第四届软件设计大赛报名表（二）.doc [2008-06-26...,https://sse.ustc.edu.cn/_upload/article/files/f9/71/3b81bb7842c0afaa32e4a55f0d80/fb4135ff-144f-4a49-992f-7a3e7e071058.doc,2020-03-25
2008年软件学院第四届软件设计大赛报名表.doc [2008-05-26],https://sse.ustc.edu.cn/_upload/article/files/a4/38/e624e98b4336ae6ab2b1e20bea94/7b53070f-9f8a-437a-96f8-9778f4c58f13.doc,2020-03-25
Y软件学院优秀研究生奖学金审批表.doc [2008-03-27],https://sse.ustc.edu.cn/_upload/article/files/d9/8c/baa1775540069b1ce683bffc7a10/f86720bd-e2d1-4eb4-acc6-10efe233df74.doc,2020-03-25
软件学院研究生会招新报名表.doc [2007-09-10],https://sse.ustc.edu.cn/_upload/article/files/8e/68/792f57c64803b264db2770a34daf/4cc9626d-249c-4d9a-9198-a69a5c0f5f90.doc,2020-03-25
文档下载,http://hr.ustc.edu.cn/cn/wendang.aspx,
中国科学技术大学本科生参加暑期交流项目申请表,https://sist.ustc.edu.cn/_upload/article/files/a3/c2/0245e0504e0780c6871b6a8b762a/4d3a1719-78cc-4055-aa69-e29b3ce41899.docx,2018-03-14
缓修成绩取消申请单,https://sist.ustc.edu.cn/_upload/article/files/8e/c5/e679bc7a4381b20892a69f8411c7/P020160622376635672432.doc,2016-06-22
中国科学技术大学录播教室使用申请表,https://sist.ustc.edu.cn/2016/0622/c5111a82717/page.htm,2016-06-22
中国科学技术大学学生“开学考试”成绩登记表,https://sist.ustc.edu.cn/2016/0622/c5111a82712/page.htm,2016-06-22
中国科学技术大学本科生开学考试申请单,https://sist.ustc.edu.cn/2016/0622/c5111a82722/page.htm,2016-06-22
大研（毕设）协议书,https://sist.ustc.edu.cn/2016/0606/c5111a82708/page.htm,2016-06-06
大学生赴院所做大研（毕设）差旅费统计表,https://sist.ustc.edu.cn/2016/0606/c5111a82706/page.htm,2016-06-06
本科生课程请假申请表,https://sist.ustc.edu.cn/2016/0526/c5111a82681/page.htm,2016-05-26
警示期及退学复议学生选课调整申请表,https://sist.ustc.edu.cn/2016/0526/c5111a82677/page.htm,2016-05-26
学生个性化学习申请表（因学习困难申请缓修）,https://sist.ustc.edu.cn/2016/0526/c5111a82690/page.htm,2016-05-26
学生个性化学习申请表（因拟转专业申请缓修）,https://sist.ustc.edu.cn/2016/0526/c5111a82691/page.htm,2016-05-26
试卷送印单,https://sist.ustc.edu.cn/2016/0526/c5111a82675/page.htm,2016-05-26
跨院系调整所修专业申请表,https://sist.ustc.edu.cn/2016/0526/c5111a82699/page.htm,2016-05-26
本科生听课记录表（实验）,https://sist.ustc.edu.cn/2016/0526/c5111a82704/page.htm,2016-05-26
本科生听课记录表（理论）,https://sist.ustc.edu.cn/2016/0526/c5111a82686/page.htm,2016-05-26
本科生学业指导谈话记录（学业警示）,https://sist.ustc.edu.cn/2016/0526/c5111a82701/page.htm,2016-05-26
本科生学业指导谈话记录（通用）,https://sist.ustc.edu.cn/2016/0526/c5111a82694/page.htm,2016-05-26
在读证明——国外,https://sist.ustc.edu.cn/2016/0526/c5111a82664/page.htm,2016-05-26
在读证明——国内,https://sist.ustc.edu.cn/2016/0526/c5111a82673/page.htm,2016-05-26
信息学院高水平学术前沿讲座实施申请表,https://sist.ustc.edu.cn/2022/0419/c5104a552250/page.htm,2022-04-19
信息学院自然科学类学术报告会、研讨会审批表,https://sist.ustc.edu.cn/2022/0119/c5104a544399/page.htm,2022-01-19
信息学院工程博士开题申请表,https://sist.ustc.edu.cn/2021/1227/c5104a540913/page.htm,2021-12-27
工程硕士研究生专业实践总结报告及鉴定,https://sist.ustc.edu.cn/2020/1014/c5104a453063/page.htm,2020-10-14
网络安全奖学金申请书,https://sist.ustc.edu.cn/_upload/article/files/4b/4e/3e9604ab48dcaacf356b583dede1/P020160728827793597765.doc,2016-07-28
主题党日活动申请表,https://sist.ustc.edu.cn/2023/0411/c5128a598358/page.htm,2023-04-11
信息学院党支部党员发展卡,https://sist.ustc.edu.cn/_upload/article/files/17/82/09c15ca642d1891863c521dc9d08/a3a585af-4636-465f-a829-11ffcd1ff724.doc,2017-11-01
中国科学院基层党支部工作手册,https://sist.ustc.edu.cn/_upload/article/files/c0/68/c21a567343c7bbe1f89df8970fd2/P020161115318786519065.pdf,2016-11-15
信息学院党支部党员发展信息封面,https://sist.ustc.edu.cn/_upload/article/files/92/74/9df4a5114ae7ba7fd288dcb9d968/P020161115320459047584.doc,2016-11-15
习近平总书记2016年七一讲话全文,https://sist.ustc.edu.cn/_upload/article/files/7b/bf/464484ae4581a7ce55cccbce1af9/P020161101371912749693.doc,2016-11-01
《习近平总书记系列重要讲话读本》知识竞赛试题及标准答案,https://sist.ustc.edu.cn/_upload/article/files/a4/6a/478389d340bfb0a957be0856a17f/P020161101371014298688.doc,2016-11-01
党员发展流程,https://sist.ustc.edu.cn/2012/1121/c5128a46334/page.htm,2012-11-21
信息科学技术学院学研两会活动项目审批表,https://sist.ustc.edu.cn/2020/0115/c5095a412496/page.htm,2020-01-15
信息科学技术学院团学活动项目审批表,https://sist.ustc.edu.cn/2020/0115/c5095a412495/page.htm,2020-01-15
信息科学技术学院班级活动项目审批表,https://sist.ustc.edu.cn/2020/0115/c5095a412494/page.htm,2020-01-15
信息学院开展学生活动工作流程,https://sist.ustc.edu.cn/2019/1119/c5095a405480/page.htm,2019-11-19
信息学院推荐优秀团员作入党积极分子工作流程,https://sist.ustc.edu.cn/2019/1119/c5095a405456/page.htm,2019-11-19
信息学院就业三方协议领取、换发流程,https://sist.ustc.edu.cn/2019/1119/c5095a405455/page.htm,2019-11-19
信息学院学生活动新闻稿基本格式和要求,https://sist.ustc.edu.cn/2019/1119/c5095a405454/page.htm,2019-11-19
推荐优秀团员作为党的发展对象审核表,https://sist.ustc.edu.cn/_upload/article/files/a6/63/9686a2e14d7db65b6643f8206ccf/1ab05b50-7844-4080-82a5-bfb876dd0984.docx,2019-11-19
推荐优秀团员作入党积极分子审核表,https://sist.ustc.edu.cn/_upload/article/files/40/3c/a5a6a69d427582ea962ef3cf66cd/db1194f5-403a-4362-872a-a2f9a6c0372e.docx,2019-11-19
中国科学技术大学推荐优秀团员作入党积极分子和党的发展对象工作...,https://sist.ustc.edu.cn/_upload/article/files/f3/18/eb3dbba54770a7335bb709ba8e6b/53ece461-bb21-4697-a61c-9eb4bf31ab08.pdf,2019-11-19
师生校内常用部门联系方式汇总,https://sist.ustc.edu.cn/2017/1116/c5095a208145/page.htm,2017-11-16
科大人文社科类报告会、研讨会、论坛、讲座审批备案表,https://sist.ustc.edu.cn/_upload/article/files/f9/12/40972eea4998a57d1199ba37e8c4/7561f9f7-6722-4d1e-8c26-c03dfafe035b.doc,2017-11-15
信息学院自然科学类学术报告会、研讨会审批表.doc,https://sist.ustc.edu.cn/_upload/article/files/5f/ff/048beede4145a9a961f4e4c20122/0b66013b-a00b-415f-a51b-5183f5529cd6.doc,
信息学院自然科学类学术报告会、研讨会审批表.doc,https://sist.ustc.edu.cn/_upload/article/files/f9/e2/c84087e741948e35ee94e08d71a3/8b766207-a37a-4b18-9288-d11a8e105a38.doc,
关于印发《中国科学技术大学苏州高等研究院新闻网信息发布管理规定（试行）》的通知,https://sz.ustc.edu.cn/wdxz_show/54.html,2021-01-22
关于印发《中国科学技术大学苏州高等研究院新媒体新闻信息发布管理办法（试行）》的通知,https://sz.ustc.edu.cn/wdxz_show/56.html,2022-01-24
关于印发《中国科学技术大学苏州高等研究院“姑苏奖学金”管理实施办法（试行）》的通知,https://sz.ustc.edu.cn/wdxz_show/57.html,2022-01-24
关于印发《中国科学技术大学苏州高等研究院横向项目管理办法（试行）》的通知,https://sz.ustc.edu.cn/wdxz_show/39.html,2021-09-08
关于印发《中国科学技术大学苏州高等研究院纵向研发项目管理办法（试行）》的通知,https://sz.ustc.edu.cn/wdxz_show/58.html,2022-01-24
关于印发《中国科学技术大学苏州高等研究促进科技成果转化管理办法（试行）》的通知,https://sz.ustc.edu.cn/wdxz_show/59.html,2022-01-24
关于印发《中国科学技术大学苏州高等研究院采购管理办法（试行）》的通知,https://sz.ustc.edu.cn/wdxz_show/33.html,2021-09-08
关于印发《中国科学技术大学苏州高等研究院科研仪器设备采购管理办法（试行）》的通知,https://sz.ustc.edu.cn/wdxz_show/34.html,2021-09-08
关于印发《中国科学技术大学苏州高等研究院固定资产管理办法（试行）》的通知,https://sz.ustc.edu.cn/wdxz_show/55.html,2022-01-24
关于印发《中国科学技术大学苏州高等研究院物资采购关联业务管理办法（试行）》的通知,https://sz.ustc.edu.cn/wdxz_show/44.html,2021-09-08
关于印发《中国科学技术大学苏州高等研究院采购物资验收管理办法（试行）》的通知,https://sz.ustc.edu.cn/wdxz_show/43.html,2021-09-08
科研——苏州高等研究院职务计算机软件著作权登记申请指南,https://sz.ustc.edu.cn/wdxz_show/68.html,2022-09-21
财务部——中国科学技术大学苏州高等研究院耗材出入库记录,https://sz.ustc.edu.cn/wdxz_show/66.html,2022-06-10
财务部——中国科学技术大学苏州高等研究院收据（发票）申请表,https://sz.ustc.edu.cn/wdxz_show/65.html,2022-03-08
财务部——财务报销票据粘贴单A4版,https://sz.ustc.edu.cn/wdxz_show/64.html,2022-02-28
党政办——中国科大苏州高等研究院报告会、研讨会、讲座审批表,https://sz.ustc.edu.cn/wdxz_show/52.html,2022-01-07
科研——苏州高等研究院科研项目预算调整审批表,https://sz.ustc.edu.cn/wdxz_show/51.html,2022-01-04
科研——苏州高等研究院职务专利申请登记材料,https://sz.ustc.edu.cn/wdxz_show/50.html,2022-01-04
科研——苏州高等研究院横向技术合同审批流程,https://sz.ustc.edu.cn/wdxz_show/49.html,2022-01-04
教育教学——苏州工业园区奖学金申请表,https://sz.ustc.edu.cn/wdxz_show/47.html,2022-01-03
奋进中的中国科大苏州高研院第二期,https://sz.ustc.edu.cn/wdxz_show/79.html,2023-12-11
奋进中的中国科大苏州高研院第一期,https://sz.ustc.edu.cn/wdxz_show/78.html,2023-12-04
中国科大苏州高研院教职工大合唱,https://sz.ustc.edu.cn/wdxz_show/76.html,2023-11-13
中国科大苏州高研院开学寄语,https://sz.ustc.edu.cn/wdxz_show/74.html,2023-11-10
安全生产 青年当先,https://sz.ustc.edu.cn/wdxz_show/73.html,2023-11-10
中国科大苏州高研院英文宣传片2023.8,https://sz.ustc.edu.cn/wdxz_show/72.html,2023-11-10
中国科大苏州高研院宣传片（短）2023.8,https://sz.ustc.edu.cn/wdxz_show/71.html,2023-11-10
中国科大苏州高研院宣传片（长）2023.6,https://sz.ustc.edu.cn/wdxz_show/70.html,2023-11-10
中国科大苏州高研院宣传片（2022.11.1）,https://sz.ustc.edu.cn/wdxz_show/69.html,2022-11-11
中国科学技术大学苏州高等研究院仁爱路校园,https://sz.ustc.edu.cn/wdxz_show/77.html,2023-11-20
中国科学技术大学,https://sz.ustc.edu.cn/wdxz_show/61.html,2022-02-23
校歌下载,https://sz.ustc.edu.cn/wdxz_show/15.html,2021-06-24
校名下载,https://sz.ustc.edu.cn/wdxz_show/14.html,2021-06-24
校徽下载,https://sz.ustc.edu.cn/wdxz_show/13.html,2021-06-24
校旗下载,https://sz.ustc.edu.cn/wdxz_show/12.html,2021-06-24
校训下载,https://sz.ustc.edu.cn/wdxz_show/11.html,2021-06-24
